{"created_at":"Mon Aug 20 19:38:00 +0000 2018","id":1031626421746036736,"id_str":"1031626421746036736","text":"RT @PankajMMunjal: Anupriya, parnam to you. You are a noble soul and wish you spread the good around. Hero is too pleased to give you one b\u2026","source":"\u003ca href=\"http:\/\/twitter.com\/download\/android\" rel=\"nofollow\"\u003eTwitter for Android\u003c\/a\u003e","truncated":false,"in_reply_to_status_id":null,"in_reply_to_status_id_str":null,"in_reply_to_user_id":null,"in_reply_to_user_id_str":null,"in_reply_to_screen_name":null,"user":{"id":581527148,"id_str":"581527148","name":"ProtectWithPen \u0930\u0923\u091c\u0940\u0924","screen_name":"Aryavart_Bhumi","location":"\u092c\u0947\u0902\u0917\u0932\u0941\u0930\u0941-\u0915\u0930\u094d\u0928\u093e\u091f\u0915-\u092d\u093e\u0930\u0924\u0935\u0930\u094d\u0937 ","url":null,"description":"\u091c\u094b \u092d\u0930\u093e \u0928\u0939\u0940\u0902 \u0939\u0948 \u092d\u093e\u0935\u094b\u0902 \u0938\u0947, \u092c\u0939\u0924\u0940 \u091c\u093f\u0938\u092e\u0947\u0902 \u0930\u0938\u0927\u093e\u0930 \u0928\u0939\u0940\u0902, \n\u0935\u0939 \u0939\u094d\u0930\u0926\u092f \u0928\u0939\u0940\u0902 \u0939\u0948 \u092a\u0924\u094d\u0925\u0930 \u0939\u0948 \u091c\u093f\u0938\u092e\u0947\u0902 \u0938\u094d\u0935\u0926\u0947\u0936 \u0915\u093e \u092a\u094d\u092f\u093e\u0930 \u0928\u0939\u0940\u0902\u0964","translator_type":"none","protected":false,"verified":false,"followers_count":18235,"friends_count":9154,"listed_count":174,"favourites_count":92641,"statuses_count":211099,"created_at":"Wed May 16 04:51:53 +0000 2012","utc_offset":null,"time_zone":null,"geo_enabled":true,"lang":"en","contributors_enabled":false,"is_translator":false,"profile_background_color":"000000","profile_background_image_url":"http:\/\/abs.twimg.com\/images\/themes\/theme1\/bg.png","profile_background_image_url_https":"https:\/\/abs.twimg.com\/images\/themes\/theme1\/bg.png","profile_background_tile":false,"profile_link_color":"89C9FA","profile_sidebar_border_color":"000000","profile_sidebar_fill_color":"000000","profile_text_color":"000000","profile_use_background_image":false,"profile_image_url":"http:\/\/pbs.twimg.com\/profile_images\/970717883935350784\/w2wRuzKI_normal.jpg","profile_image_url_https":"https:\/\/pbs.twimg.com\/profile_images\/970717883935350784\/w2wRuzKI_normal.jpg","profile_banner_url":"https:\/\/pbs.twimg.com\/profile_banners\/581527148\/1502732721","default_profile":false,"default_profile_image":false,"following":null,"follow_request_sent":null,"notifications":null},"geo":null,"coordinates":null,"place":null,"contributors":null,"retweeted_status":{"created_at":"Sun Aug 19 09:36:47 +0000 2018","id":1031112733826183168,"id_str":"1031112733826183168","text":"Anupriya, parnam to you. You are a noble soul and wish you spread the good around. Hero is too pleased to give you\u2026 https:\/\/t.co\/Nfq9iv03t6","display_text_range":[0,140],"source":"\u003ca href=\"http:\/\/twitter.com\/download\/iphone\" rel=\"nofollow\"\u003eTwitter for iPhone\u003c\/a\u003e","truncated":true,"in_reply_to_status_id":null,"in_reply_to_status_id_str":null,"in_reply_to_user_id":null,"in_reply_to_user_id_str":null,"in_reply_to_screen_name":null,"user":{"id":1175856284,"id_str":"1175856284","name":"Pankaj M Munjal","screen_name":"PankajMMunjal","location":"New Delhi, India","url":"http:\/\/www.herocycles.com","description":"Chairman and Managing Director of HMC, A Hero Motors Company","translator_type":"none","protected":false,"verified":false,"followers_count":922,"friends_count":82,"listed_count":4,"favourites_count":69,"statuses_count":156,"created_at":"Wed Feb 13 16:10:58 +0000 2013","utc_offset":null,"time_zone":null,"geo_enabled":false,"lang":"en","contributors_enabled":false,"is_translator":false,"profile_background_color":"C0DEED","profile_background_image_url":"http:\/\/abs.twimg.com\/images\/themes\/theme1\/bg.png","profile_background_image_url_https":"https:\/\/abs.twimg.com\/images\/themes\/theme1\/bg.png","profile_background_tile":false,"profile_link_color":"1DA1F2","profile_sidebar_border_color":"C0DEED","profile_sidebar_fill_color":"DDEEF6","profile_text_color":"333333","profile_use_background_image":true,"profile_image_url":"http:\/\/pbs.twimg.com\/profile_images\/518490349036384256\/pN2dn4sQ_normal.jpeg","profile_image_url_https":"https:\/\/pbs.twimg.com\/profile_images\/518490349036384256\/pN2dn4sQ_normal.jpeg","default_profile":true,"default_profile_image":false,"following":null,"follow_request_sent":null,"notifications":null},"geo":null,"coordinates":null,"place":null,"contributors":null,"quoted_status_id":1031075254934720512,"quoted_status_id_str":"1031075254934720512","quoted_status":{"created_at":"Sun Aug 19 07:07:51 +0000 2018","id":1031075254934720512,"id_str":"1031075254934720512","text":"FYI @anandmahindra https:\/\/t.co\/naHU0G7jxv","display_text_range":[0,18],"source":"\u003ca href=\"http:\/\/twitter.com\" rel=\"nofollow\"\u003eTwitter Web Client\u003c\/a\u003e","truncated":false,"in_reply_to_status_id":null,"in_reply_to_status_id_str":null,"in_reply_to_user_id":null,"in_reply_to_user_id_str":null,"in_reply_to_screen_name":null,"user":{"id":906105384854630400,"id_str":"906105384854630400","name":"Ethirajan Srinivasan","screen_name":"Ethirajans","location":"Bharath","url":null,"description":"In search of an identity.","translator_type":"none","protected":false,"verified":false,"followers_count":5615,"friends_count":219,"listed_count":32,"favourites_count":3534,"statuses_count":19649,"created_at":"Fri Sep 08 10:42:13 +0000 2017","utc_offset":null,"time_zone":null,"geo_enabled":false,"lang":"en-gb","contributors_enabled":false,"is_translator":false,"profile_background_color":"F5F8FA","profile_background_image_url":"","profile_background_image_url_https":"","profile_background_tile":false,"profile_link_color":"1DA1F2","profile_sidebar_border_color":"C0DEED","profile_sidebar_fill_color":"DDEEF6","profile_text_color":"333333","profile_use_background_image":true,"profile_image_url":"http:\/\/pbs.twimg.com\/profile_images\/957246586144284673\/yy88T1wS_normal.jpg","profile_image_url_https":"https:\/\/pbs.twimg.com\/profile_images\/957246586144284673\/yy88T1wS_normal.jpg","profile_banner_url":"https:\/\/pbs.twimg.com\/profile_banners\/906105384854630400\/1509275750","default_profile":true,"default_profile_image":false,"following":null,"follow_request_sent":null,"notifications":null},"geo":null,"coordinates":null,"place":null,"contributors":null,"quoted_status_id":1031002031119450112,"quoted_status_id_str":"1031002031119450112","is_quote_status":true,"quote_count":4,"reply_count":0,"retweet_count":26,"favorite_count":76,"entities":{"hashtags":[],"urls":[{"url":"https:\/\/t.co\/naHU0G7jxv","expanded_url":"https:\/\/twitter.com\/Ethirajans\/status\/1031002031119450112","display_url":"twitter.com\/Ethirajans\/sta\u2026","indices":[19,42]}],"user_mentions":[{"screen_name":"anandmahindra","name":"anand mahindra","id":34197952,"id_str":"34197952","indices":[4,18]}],"symbols":[]},"favorited":false,"retweeted":false,"possibly_sensitive":false,"filter_level":"low","lang":"und"},"quoted_status_permalink":{"url":"https:\/\/t.co\/vTUlxlTnQR","expanded":"https:\/\/twitter.com\/ethirajans\/status\/1031075254934720512","display":"twitter.com\/ethirajans\/sta\u2026"},"is_quote_status":true,"extended_tweet":{"full_text":"Anupriya, parnam to you. You are a noble soul and wish you spread the good around. Hero is too pleased to give you one bike every year of your life. Pl share your contact on my account. Love you and best wishes. Prayers for Kerala https:\/\/t.co\/vTUlxlTnQR","display_text_range":[0,230],"entities":{"hashtags":[],"urls":[{"url":"https:\/\/t.co\/vTUlxlTnQR","expanded_url":"https:\/\/twitter.com\/ethirajans\/status\/1031075254934720512","display_url":"twitter.com\/ethirajans\/sta\u2026","indices":[231,254]}],"user_mentions":[],"symbols":[]}},"quote_count":29,"reply_count":58,"retweet_count":360,"favorite_count":668,"entities":{"hashtags":[],"urls":[{"url":"https:\/\/t.co\/Nfq9iv03t6","expanded_url":"https:\/\/twitter.com\/i\/web\/status\/1031112733826183168","display_url":"twitter.com\/i\/web\/status\/1\u2026","indices":[116,139]}],"user_mentions":[],"symbols":[]},"favorited":false,"retweeted":false,"possibly_sensitive":false,"filter_level":"low","lang":"en"},"quoted_status_id":1031075254934720512,"quoted_status_id_str":"1031075254934720512","quoted_status":{"created_at":"Sun Aug 19 07:07:51 +0000 2018","id":1031075254934720512,"id_str":"1031075254934720512","text":"FYI @anandmahindra https:\/\/t.co\/naHU0G7jxv","display_text_range":[0,18],"source":"\u003ca href=\"http:\/\/twitter.com\" rel=\"nofollow\"\u003eTwitter Web Client\u003c\/a\u003e","truncated":false,"in_reply_to_status_id":null,"in_reply_to_status_id_str":null,"in_reply_to_user_id":null,"in_reply_to_user_id_str":null,"in_reply_to_screen_name":null,"user":{"id":906105384854630400,"id_str":"906105384854630400","name":"Ethirajan Srinivasan","screen_name":"Ethirajans","location":"Bharath","url":null,"description":"In search of an identity.","translator_type":"none","protected":false,"verified":false,"followers_count":5615,"friends_count":219,"listed_count":32,"favourites_count":3534,"statuses_count":19649,"created_at":"Fri Sep 08 10:42:13 +0000 2017","utc_offset":null,"time_zone":null,"geo_enabled":false,"lang":"en-gb","contributors_enabled":false,"is_translator":false,"profile_background_color":"F5F8FA","profile_background_image_url":"","profile_background_image_url_https":"","profile_background_tile":false,"profile_link_color":"1DA1F2","profile_sidebar_border_color":"C0DEED","profile_sidebar_fill_color":"DDEEF6","profile_text_color":"333333","profile_use_background_image":true,"profile_image_url":"http:\/\/pbs.twimg.com\/profile_images\/957246586144284673\/yy88T1wS_normal.jpg","profile_image_url_https":"https:\/\/pbs.twimg.com\/profile_images\/957246586144284673\/yy88T1wS_normal.jpg","profile_banner_url":"https:\/\/pbs.twimg.com\/profile_banners\/906105384854630400\/1509275750","default_profile":true,"default_profile_image":false,"following":null,"follow_request_sent":null,"notifications":null},"geo":null,"coordinates":null,"place":null,"contributors":null,"quoted_status_id":1031002031119450112,"quoted_status_id_str":"1031002031119450112","is_quote_status":true,"quote_count":4,"reply_count":0,"retweet_count":26,"favorite_count":76,"entities":{"hashtags":[],"urls":[{"url":"https:\/\/t.co\/naHU0G7jxv","expanded_url":"https:\/\/twitter.com\/Ethirajans\/status\/1031002031119450112","display_url":"twitter.com\/Ethirajans\/sta\u2026","indices":[19,42]}],"user_mentions":[{"screen_name":"anandmahindra","name":"anand mahindra","id":34197952,"id_str":"34197952","indices":[4,18]}],"symbols":[]},"favorited":false,"retweeted":false,"possibly_sensitive":false,"filter_level":"low","lang":"und"},"quoted_status_permalink":{"url":"https:\/\/t.co\/vTUlxlTnQR","expanded":"https:\/\/twitter.com\/ethirajans\/status\/1031075254934720512","display":"twitter.com\/ethirajans\/sta\u2026"},"is_quote_status":true,"quote_count":0,"reply_count":0,"retweet_count":0,"favorite_count":0,"entities":{"hashtags":[],"urls":[],"user_mentions":[{"screen_name":"PankajMMunjal","name":"Pankaj M Munjal","id":1175856284,"id_str":"1175856284","indices":[3,17]}],"symbols":[]},"favorited":false,"retweeted":false,"filter_level":"low","lang":"en","timestamp_ms":"1534793880293"}
{"created_at":"Mon Aug 20 19:38:00 +0000 2018","id":1031626423725768704,"id_str":"1031626423725768704","text":"RT @thayirsatti: #KeralaFloods  \n\u0b87\u0ba4\u0bc1 \u0bb5\u0bb0\u0bc8\u0b95\u0bcd\u0b95\u0bc1\u0bae\u0bcd \u0ba4\u0bae\u0bbf\u0bb4\u0bcd \u0ba8\u0bbe\u0b9f\u0bcd\u0b9f\u0bc1\u0b95\u0bcd\u0b95\u0bc1 1\u0bb0\u0bc2\u0baa\u0bbe\u0baf\u0bcd \u0b95\u0bc2\u0b9f \u0b89\u0ba4\u0bb5\u0bbe\u0ba4 \u0b85\u0b9c\u0bbf\u0ba4\u0bcd \u0b87\u0baa\u0bcd\u0baa\u0bcb \u0b95\u0bc7\u0bb0\u0bb3\u0bbe \u0b95\u0bcd\u0b95\u0bc1 \u0b85\u0baa\u0bcd\u0baa\u0b9f\u0bbf\u0baf\u0bc7 \u0b8a\u0bae\u0bcd\u0baa\u0bbf \u0ba4\u0bb3\u0bcd\u0bb3\u0bbf\u0bb0\u0bc1\u0bb5\u0bbe\u0bb0\u0bc1.\n#\u0b9a\u0bbf\u0bb2\u0bcd\u0bb1\u2026","source":"\u003ca href=\"http:\/\/twitter.com\/download\/android\" rel=\"nofollow\"\u003eTwitter for Android\u003c\/a\u003e","truncated":false,"in_reply_to_status_id":null,"in_reply_to_status_id_str":null,"in_reply_to_user_id":null,"in_reply_to_user_id_str":null,"in_reply_to_screen_name":null,"user":{"id":2293005558,"id_str":"2293005558","name":"SARKAR_karthis78","screen_name":"karthis778","location":"Sattur, India","url":null,"description":null,"translator_type":"none","protected":false,"verified":false,"followers_count":1455,"friends_count":304,"listed_count":71,"favourites_count":189172,"statuses_count":203765,"created_at":"Wed Jan 15 17:11:02 +0000 2014","utc_offset":null,"time_zone":null,"geo_enabled":false,"lang":"en","contributors_enabled":false,"is_translator":false,"profile_background_color":"000000","profile_background_image_url":"http:\/\/abs.twimg.com\/images\/themes\/theme1\/bg.png","profile_background_image_url_https":"https:\/\/abs.twimg.com\/images\/themes\/theme1\/bg.png","profile_background_tile":false,"profile_link_color":"94D487","profile_sidebar_border_color":"000000","profile_sidebar_fill_color":"000000","profile_text_color":"000000","profile_use_background_image":false,"profile_image_url":"http:\/\/pbs.twimg.com\/profile_images\/1009776963404247040\/dpLbyAEl_normal.jpg","profile_image_url_https":"https:\/\/pbs.twimg.com\/profile_images\/1009776963404247040\/dpLbyAEl_normal.jpg","profile_banner_url":"https:\/\/pbs.twimg.com\/profile_banners\/2293005558\/1529645970","default_profile":false,"default_profile_image":false,"following":null,"follow_request_sent":null,"notifications":null},"geo":null,"coordinates":null,"place":null,"contributors":null,"retweeted_status":{"created_at":"Mon Aug 20 11:01:16 +0000 2018","id":1031496381289005057,"id_str":"1031496381289005057","text":"#KeralaFloods  \n\u0b87\u0ba4\u0bc1 \u0bb5\u0bb0\u0bc8\u0b95\u0bcd\u0b95\u0bc1\u0bae\u0bcd \u0ba4\u0bae\u0bbf\u0bb4\u0bcd \u0ba8\u0bbe\u0b9f\u0bcd\u0b9f\u0bc1\u0b95\u0bcd\u0b95\u0bc1 1\u0bb0\u0bc2\u0baa\u0bbe\u0baf\u0bcd \u0b95\u0bc2\u0b9f \u0b89\u0ba4\u0bb5\u0bbe\u0ba4 \u0b85\u0b9c\u0bbf\u0ba4\u0bcd \u0b87\u0baa\u0bcd\u0baa\u0bcb \u0b95\u0bc7\u0bb0\u0bb3\u0bbe \u0b95\u0bcd\u0b95\u0bc1 \u0b85\u0baa\u0bcd\u0baa\u0b9f\u0bbf\u0baf\u0bc7 \u0b8a\u0bae\u0bcd\u0baa\u0bbf \u0ba4\u0bb3\u0bcd\u0bb3\u0bbf\u0bb0\u0bc1\u0bb5\u0bbe\u0bb0\u0bc1.\u2026 https:\/\/t.co\/xSKDthooEZ","display_text_range":[0,140],"source":"\u003ca href=\"http:\/\/twitter.com\/download\/android\" rel=\"nofollow\"\u003eTwitter for Android\u003c\/a\u003e","truncated":true,"in_reply_to_status_id":null,"in_reply_to_status_id_str":null,"in_reply_to_user_id":null,"in_reply_to_user_id_str":null,"in_reply_to_screen_name":null,"user":{"id":1010722891493568513,"id_str":"1010722891493568513","name":"\u0ba4\u0baf\u0bbf\u0bb0\u0bcd\u0b9a\u0b9f\u0bcd\u0b9f\u0bbf\u0ba4\u0bb2\u0bc8\u0baf\u0ba9\u0bcd","screen_name":"thayirsatti","location":"\u0baa\u0bb2\u0bcd\u0b95\u0bca\u0bb0\u0bbf\u0baf\u0bbe toTnagar\u0bae\u0bc2\u0ba4\u0bcd\u0ba4\u0bbf\u0bb0\u0b9a\u0ba8\u0bcd\u0ba4\u0bc1","url":null,"description":"Hollywood hero ajith kumar fan","translator_type":"none","protected":false,"verified":false,"followers_count":357,"friends_count":440,"listed_count":0,"favourites_count":744,"statuses_count":1985,"created_at":"Sun Jun 24 03:14:50 +0000 2018","utc_offset":null,"time_zone":null,"geo_enabled":false,"lang":"en","contributors_enabled":false,"is_translator":false,"profile_background_color":"F5F8FA","profile_background_image_url":"","profile_background_image_url_https":"","profile_background_tile":false,"profile_link_color":"1DA1F2","profile_sidebar_border_color":"C0DEED","profile_sidebar_fill_color":"DDEEF6","profile_text_color":"333333","profile_use_background_image":true,"profile_image_url":"http:\/\/pbs.twimg.com\/profile_images\/1031516638619688961\/Nlbpb07d_normal.jpg","profile_image_url_https":"https:\/\/pbs.twimg.com\/profile_images\/1031516638619688961\/Nlbpb07d_normal.jpg","profile_banner_url":"https:\/\/pbs.twimg.com\/profile_banners\/1010722891493568513\/1534685917","default_profile":true,"default_profile_image":false,"following":null,"follow_request_sent":null,"notifications":null},"geo":null,"coordinates":null,"place":null,"contributors":null,"is_quote_status":false,"extended_tweet":{"full_text":"#KeralaFloods  \n\u0b87\u0ba4\u0bc1 \u0bb5\u0bb0\u0bc8\u0b95\u0bcd\u0b95\u0bc1\u0bae\u0bcd \u0ba4\u0bae\u0bbf\u0bb4\u0bcd \u0ba8\u0bbe\u0b9f\u0bcd\u0b9f\u0bc1\u0b95\u0bcd\u0b95\u0bc1 1\u0bb0\u0bc2\u0baa\u0bbe\u0baf\u0bcd \u0b95\u0bc2\u0b9f \u0b89\u0ba4\u0bb5\u0bbe\u0ba4 \u0b85\u0b9c\u0bbf\u0ba4\u0bcd \u0b87\u0baa\u0bcd\u0baa\u0bcb \u0b95\u0bc7\u0bb0\u0bb3\u0bbe \u0b95\u0bcd\u0b95\u0bc1 \u0b85\u0baa\u0bcd\u0baa\u0b9f\u0bbf\u0baf\u0bc7 \u0b8a\u0bae\u0bcd\u0baa\u0bbf \u0ba4\u0bb3\u0bcd\u0bb3\u0bbf\u0bb0\u0bc1\u0bb5\u0bbe\u0bb0\u0bc1.\n#\u0b9a\u0bbf\u0bb2\u0bcd\u0bb1\u0b85\u0b9c\u0bbf\u0ba4\u0bcd \ud83d\ude08\ud83d\ude08\ud83d\ude08\ud83d\ude08\ud83d\ude08\ud83d\ude08\ud83d\ude08\ud83d\ude08\ud83d\ude08\ud83d\ude08\ud83d\ude08\ud83d\ude08\ud83d\ude08\ud83d\ude08\ud83d\ude08\ud83d\ude08\ud83d\ude08\ud83d\ude08\ud83d\ude08 https:\/\/t.co\/57neOcveV6","display_text_range":[0,147],"entities":{"hashtags":[{"text":"KeralaFloods","indices":[0,13]},{"text":"\u0b9a\u0bbf\u0bb2\u0bcd\u0bb1\u0b85\u0b9c\u0bbf\u0ba4\u0bcd","indices":[116,127]}],"urls":[],"user_mentions":[],"symbols":[],"media":[{"id":1031496366898339841,"id_str":"1031496366898339841","indices":[148,171],"media_url":"http:\/\/pbs.twimg.com\/media\/DlCcewgU4AE6dbP.jpg","media_url_https":"https:\/\/pbs.twimg.com\/media\/DlCcewgU4AE6dbP.jpg","url":"https:\/\/t.co\/57neOcveV6","display_url":"pic.twitter.com\/57neOcveV6","expanded_url":"https:\/\/twitter.com\/thayirsatti\/status\/1031496381289005057\/photo\/1","type":"photo","sizes":{"thumb":{"w":150,"h":150,"resize":"crop"},"small":{"w":680,"h":680,"resize":"fit"},"medium":{"w":720,"h":720,"resize":"fit"},"large":{"w":720,"h":720,"resize":"fit"}}}]},"extended_entities":{"media":[{"id":1031496366898339841,"id_str":"1031496366898339841","indices":[148,171],"media_url":"http:\/\/pbs.twimg.com\/media\/DlCcewgU4AE6dbP.jpg","media_url_https":"https:\/\/pbs.twimg.com\/media\/DlCcewgU4AE6dbP.jpg","url":"https:\/\/t.co\/57neOcveV6","display_url":"pic.twitter.com\/57neOcveV6","expanded_url":"https:\/\/twitter.com\/thayirsatti\/status\/1031496381289005057\/photo\/1","type":"photo","sizes":{"thumb":{"w":150,"h":150,"resize":"crop"},"small":{"w":680,"h":680,"resize":"fit"},"medium":{"w":720,"h":720,"resize":"fit"},"large":{"w":720,"h":720,"resize":"fit"}}}]}},"quote_count":0,"reply_count":3,"retweet_count":26,"favorite_count":55,"entities":{"hashtags":[{"text":"KeralaFloods","indices":[0,13]}],"urls":[{"url":"https:\/\/t.co\/xSKDthooEZ","expanded_url":"https:\/\/twitter.com\/i\/web\/status\/1031496381289005057","display_url":"twitter.com\/i\/web\/status\/1\u2026","indices":[117,140]}],"user_mentions":[],"symbols":[]},"favorited":false,"retweeted":false,"possibly_sensitive":false,"filter_level":"low","lang":"ta"},"is_quote_status":false,"quote_count":0,"reply_count":0,"retweet_count":0,"favorite_count":0,"entities":{"hashtags":[{"text":"KeralaFloods","indices":[17,30]}],"urls":[],"user_mentions":[{"screen_name":"thayirsatti","name":"\u0ba4\u0baf\u0bbf\u0bb0\u0bcd\u0b9a\u0b9f\u0bcd\u0b9f\u0bbf\u0ba4\u0bb2\u0bc8\u0baf\u0ba9\u0bcd","id":1010722891493568513,"id_str":"1010722891493568513","indices":[3,15]}],"symbols":[]},"favorited":false,"retweeted":false,"filter_level":"low","lang":"ta","timestamp_ms":"1534793880765"}
{"created_at":"Mon Aug 20 19:38:01 +0000 2018","id":1031626426661916673,"id_str":"1031626426661916673","text":"RT @surnell: #KeralaFloods A youth removes his red shirt and waves at the Helicopter for help and with great difficult they descend and whe\u2026","source":"\u003ca href=\"http:\/\/twitter.com\/download\/android\" rel=\"nofollow\"\u003eTwitter for Android\u003c\/a\u003e","truncated":false,"in_reply_to_status_id":null,"in_reply_to_status_id_str":null,"in_reply_to_user_id":null,"in_reply_to_user_id_str":null,"in_reply_to_screen_name":null,"user":{"id":365928789,"id_str":"365928789","name":"whinyRoomie","screen_name":"whinyRoomie","location":null,"url":null,"description":"Kis kis ki ranjh kijiye, Kis Kis ki roiye,\r\nAraam mast cheez hain, Muh dhak ke soiye","translator_type":"none","protected":false,"verified":false,"followers_count":267,"friends_count":894,"listed_count":10,"favourites_count":784,"statuses_count":23761,"created_at":"Thu Sep 01 08:05:21 +0000 2011","utc_offset":null,"time_zone":null,"geo_enabled":true,"lang":"en","contributors_enabled":false,"is_translator":false,"profile_background_color":"696969","profile_background_image_url":"http:\/\/abs.twimg.com\/images\/themes\/theme1\/bg.png","profile_background_image_url_https":"https:\/\/abs.twimg.com\/images\/themes\/theme1\/bg.png","profile_background_tile":false,"profile_link_color":"FF691F","profile_sidebar_border_color":"000000","profile_sidebar_fill_color":"000000","profile_text_color":"000000","profile_use_background_image":true,"profile_image_url":"http:\/\/pbs.twimg.com\/profile_images\/996997763886993408\/uTP1hI3a_normal.jpg","profile_image_url_https":"https:\/\/pbs.twimg.com\/profile_images\/996997763886993408\/uTP1hI3a_normal.jpg","profile_banner_url":"https:\/\/pbs.twimg.com\/profile_banners\/365928789\/1526464354","default_profile":false,"default_profile_image":false,"following":null,"follow_request_sent":null,"notifications":null},"geo":null,"coordinates":null,"place":null,"contributors":null,"retweeted_status":{"created_at":"Mon Aug 20 14:50:09 +0000 2018","id":1031553983872040965,"id_str":"1031553983872040965","text":"#KeralaFloods A youth removes his red shirt and waves at the Helicopter for help and with great difficult they desc\u2026 https:\/\/t.co\/z0NrR8ee1h","display_text_range":[0,140],"source":"\u003ca href=\"http:\/\/twitter.com\/download\/android\" rel=\"nofollow\"\u003eTwitter for Android\u003c\/a\u003e","truncated":true,"in_reply_to_status_id":null,"in_reply_to_status_id_str":null,"in_reply_to_user_id":null,"in_reply_to_user_id_str":null,"in_reply_to_screen_name":null,"user":{"id":49877768,"id_str":"49877768","name":"Suresh N","screen_name":"surnell","location":"Bangalore, India","url":"http:\/\/yensures.com\/about\/","description":"Cyber forensics! Criminal Law!| Those who like me, Raise your hand. Others, Raise your Standards|","translator_type":"none","protected":false,"verified":false,"followers_count":60637,"friends_count":588,"listed_count":308,"favourites_count":39,"statuses_count":161137,"created_at":"Tue Jun 23 03:57:35 +0000 2009","utc_offset":null,"time_zone":null,"geo_enabled":true,"lang":"en","contributors_enabled":false,"is_translator":false,"profile_background_color":"1A1B1F","profile_background_image_url":"http:\/\/abs.twimg.com\/images\/themes\/theme9\/bg.gif","profile_background_image_url_https":"https:\/\/abs.twimg.com\/images\/themes\/theme9\/bg.gif","profile_background_tile":true,"profile_link_color":"1B95E0","profile_sidebar_border_color":"181A1E","profile_sidebar_fill_color":"252429","profile_text_color":"666666","profile_use_background_image":true,"profile_image_url":"http:\/\/pbs.twimg.com\/profile_images\/1029212088709742593\/4z3BwuyX_normal.jpg","profile_image_url_https":"https:\/\/pbs.twimg.com\/profile_images\/1029212088709742593\/4z3BwuyX_normal.jpg","profile_banner_url":"https:\/\/pbs.twimg.com\/profile_banners\/49877768\/1495077650","default_profile":false,"default_profile_image":false,"following":null,"follow_request_sent":null,"notifications":null},"geo":null,"coordinates":null,"place":null,"contributors":null,"is_quote_status":false,"extended_tweet":{"full_text":"#KeralaFloods A youth removes his red shirt and waves at the Helicopter for help and with great difficult they descend and when they get close he pulls his mobile out for clicking a Selfie and asks the team to go. https:\/\/t.co\/B7naFNyLkd","display_text_range":[0,213],"entities":{"hashtags":[{"text":"KeralaFloods","indices":[0,13]}],"urls":[],"user_mentions":[],"symbols":[],"media":[{"id":1031553755895017472,"id_str":"1031553755895017472","indices":[214,237],"additional_media_info":{"monetizable":false},"media_url":"http:\/\/pbs.twimg.com\/ext_tw_video_thumb\/1031553755895017472\/pu\/img\/zjC2N86XqUOGea8C.jpg","media_url_https":"https:\/\/pbs.twimg.com\/ext_tw_video_thumb\/1031553755895017472\/pu\/img\/zjC2N86XqUOGea8C.jpg","url":"https:\/\/t.co\/B7naFNyLkd","display_url":"pic.twitter.com\/B7naFNyLkd","expanded_url":"https:\/\/twitter.com\/surnell\/status\/1031553983872040965\/video\/1","type":"video","video_info":{"aspect_ratio":[199,112],"duration_millis":116640,"variants":[{"bitrate":256000,"content_type":"video\/mp4","url":"https:\/\/video.twimg.com\/ext_tw_video\/1031553755895017472\/pu\/vid\/398x224\/VbAlY2ngVqLCFevb.mp4?tag=5"},{"content_type":"application\/x-mpegURL","url":"https:\/\/video.twimg.com\/ext_tw_video\/1031553755895017472\/pu\/pl\/xBJGszEL6rh6hHkE.m3u8?tag=5"}]},"sizes":{"large":{"w":398,"h":224,"resize":"fit"},"thumb":{"w":150,"h":150,"resize":"crop"},"small":{"w":398,"h":224,"resize":"fit"},"medium":{"w":398,"h":224,"resize":"fit"}}}]},"extended_entities":{"media":[{"id":1031553755895017472,"id_str":"1031553755895017472","indices":[214,237],"additional_media_info":{"monetizable":false},"media_url":"http:\/\/pbs.twimg.com\/ext_tw_video_thumb\/1031553755895017472\/pu\/img\/zjC2N86XqUOGea8C.jpg","media_url_https":"https:\/\/pbs.twimg.com\/ext_tw_video_thumb\/1031553755895017472\/pu\/img\/zjC2N86XqUOGea8C.jpg","url":"https:\/\/t.co\/B7naFNyLkd","display_url":"pic.twitter.com\/B7naFNyLkd","expanded_url":"https:\/\/twitter.com\/surnell\/status\/1031553983872040965\/video\/1","type":"video","video_info":{"aspect_ratio":[199,112],"duration_millis":116640,"variants":[{"bitrate":256000,"content_type":"video\/mp4","url":"https:\/\/video.twimg.com\/ext_tw_video\/1031553755895017472\/pu\/vid\/398x224\/VbAlY2ngVqLCFevb.mp4?tag=5"},{"content_type":"application\/x-mpegURL","url":"https:\/\/video.twimg.com\/ext_tw_video\/1031553755895017472\/pu\/pl\/xBJGszEL6rh6hHkE.m3u8?tag=5"}]},"sizes":{"large":{"w":398,"h":224,"resize":"fit"},"thumb":{"w":150,"h":150,"resize":"crop"},"small":{"w":398,"h":224,"resize":"fit"},"medium":{"w":398,"h":224,"resize":"fit"}}}]}},"quote_count":73,"reply_count":45,"retweet_count":394,"favorite_count":271,"entities":{"hashtags":[{"text":"KeralaFloods","indices":[0,13]}],"urls":[{"url":"https:\/\/t.co\/z0NrR8ee1h","expanded_url":"https:\/\/twitter.com\/i\/web\/status\/1031553983872040965","display_url":"twitter.com\/i\/web\/status\/1\u2026","indices":[117,140]}],"user_mentions":[],"symbols":[]},"favorited":false,"retweeted":false,"possibly_sensitive":false,"filter_level":"low","lang":"en"},"is_quote_status":false,"quote_count":0,"reply_count":0,"retweet_count":0,"favorite_count":0,"entities":{"hashtags":[{"text":"KeralaFloods","indices":[13,26]}],"urls":[],"user_mentions":[{"screen_name":"surnell","name":"Suresh N","id":49877768,"id_str":"49877768","indices":[3,11]}],"symbols":[]},"favorited":false,"retweeted":false,"filter_level":"low","lang":"en","timestamp_ms":"1534793881465"}
{"created_at":"Mon Aug 20 19:38:01 +0000 2018","id":1031626427060301824,"id_str":"1031626427060301824","text":"RT @koenamitra: Check facts first. Shame on you, I never shared or posted any picture, I commented on it, like many others did. Aparantly y\u2026","source":"\u003ca href=\"http:\/\/twitter.com\/download\/android\" rel=\"nofollow\"\u003eTwitter for Android\u003c\/a\u003e","truncated":false,"in_reply_to_status_id":null,"in_reply_to_status_id_str":null,"in_reply_to_user_id":null,"in_reply_to_user_id_str":null,"in_reply_to_screen_name":null,"user":{"id":597430020,"id_str":"597430020","name":"Kapil Hunachgere","screen_name":"kapilhunachgere","location":"Mumbai,India","url":null,"description":"Proud Indian, Aspiring Chartered Accountant , Loyal & Proud Follower of Shri.Narendra Modi & Mr. Salman Khan.","translator_type":"none","protected":false,"verified":false,"followers_count":194,"friends_count":729,"listed_count":8,"favourites_count":19913,"statuses_count":25605,"created_at":"Sat Jun 02 12:00:12 +0000 2012","utc_offset":null,"time_zone":null,"geo_enabled":true,"lang":"en","contributors_enabled":false,"is_translator":false,"profile_background_color":"C0DEED","profile_background_image_url":"http:\/\/abs.twimg.com\/images\/themes\/theme1\/bg.png","profile_background_image_url_https":"https:\/\/abs.twimg.com\/images\/themes\/theme1\/bg.png","profile_background_tile":true,"profile_link_color":"0084B4","profile_sidebar_border_color":"000000","profile_sidebar_fill_color":"DDEEF6","profile_text_color":"333333","profile_use_background_image":true,"profile_image_url":"http:\/\/pbs.twimg.com\/profile_images\/729203910020202496\/NeHSujqa_normal.jpg","profile_image_url_https":"https:\/\/pbs.twimg.com\/profile_images\/729203910020202496\/NeHSujqa_normal.jpg","default_profile":false,"default_profile_image":false,"following":null,"follow_request_sent":null,"notifications":null},"geo":null,"coordinates":null,"place":null,"contributors":null,"retweeted_status":{"created_at":"Mon Aug 20 17:24:39 +0000 2018","id":1031592863883096064,"id_str":"1031592863883096064","text":"Check facts first. Shame on you, I never shared or posted any picture, I commented on it, like many others did. Apa\u2026 https:\/\/t.co\/cW7PJWPubc","display_text_range":[0,140],"source":"\u003ca href=\"http:\/\/twitter.com\/download\/android\" rel=\"nofollow\"\u003eTwitter for Android\u003c\/a\u003e","truncated":true,"in_reply_to_status_id":null,"in_reply_to_status_id_str":null,"in_reply_to_user_id":null,"in_reply_to_user_id_str":null,"in_reply_to_screen_name":null,"user":{"id":154916905,"id_str":"154916905","name":"Koena Mitra","screen_name":"koenamitra","location":"INDIA ","url":"https:\/\/facebook.com\/koynamitra\/","description":"Alpha female, Patriot, Former Supermodel World Winner, Film actor, Major in Psychology, Fitness Aficionado, Animal lover,Politically incorrect\ud83d\ude0f,Occasional\ud83d\udc19","translator_type":"none","protected":false,"verified":true,"followers_count":197536,"friends_count":15,"listed_count":293,"favourites_count":692,"statuses_count":4505,"created_at":"Sat Jun 12 15:40:44 +0000 2010","utc_offset":null,"time_zone":null,"geo_enabled":false,"lang":"en","contributors_enabled":false,"is_translator":false,"profile_background_color":"FF6699","profile_background_image_url":"http:\/\/abs.twimg.com\/images\/themes\/theme11\/bg.gif","profile_background_image_url_https":"https:\/\/abs.twimg.com\/images\/themes\/theme11\/bg.gif","profile_background_tile":true,"profile_link_color":"B40B43","profile_sidebar_border_color":"000000","profile_sidebar_fill_color":"FFFFFF","profile_text_color":"080808","profile_use_background_image":true,"profile_image_url":"http:\/\/pbs.twimg.com\/profile_images\/1028690435231764480\/-s9J9L3X_normal.jpg","profile_image_url_https":"https:\/\/pbs.twimg.com\/profile_images\/1028690435231764480\/-s9J9L3X_normal.jpg","profile_banner_url":"https:\/\/pbs.twimg.com\/profile_banners\/154916905\/1533664442","default_profile":false,"default_profile_image":false,"following":null,"follow_request_sent":null,"notifications":null},"geo":null,"coordinates":null,"place":null,"contributors":null,"quoted_status_id":1031125077532626944,"quoted_status_id_str":"1031125077532626944","quoted_status":{"created_at":"Sun Aug 19 10:25:50 +0000 2018","id":1031125077532626944,"id_str":"1031125077532626944","text":"Actor Koena Mitra, Postcard News share old image as RSS workers aiding Kerala flood victims https:\/\/t.co\/FK0jkQzW71 via @AltNews","source":"\u003ca href=\"http:\/\/twitter.com\" rel=\"nofollow\"\u003eTwitter Web Client\u003c\/a\u003e","truncated":false,"in_reply_to_status_id":null,"in_reply_to_status_id_str":null,"in_reply_to_user_id":null,"in_reply_to_user_id_str":null,"in_reply_to_screen_name":null,"user":{"id":336611577,"id_str":"336611577","name":"Asaduddin Owaisi","screen_name":"asadowaisi","location":"Hyderabad","url":"http:\/\/www.asadowaisi.com","description":"President All India Majlis-E-Ittehadul Muslimeen Party & Member of Parliament Lok Sabha (Hyderabad Constituency) Barrister-at-Law (Lincolns Inn), England","translator_type":"none","protected":false,"verified":false,"followers_count":418437,"friends_count":880,"listed_count":526,"favourites_count":199,"statuses_count":20524,"created_at":"Sat Jul 16 16:00:49 +0000 2011","utc_offset":null,"time_zone":null,"geo_enabled":true,"lang":"en","contributors_enabled":false,"is_translator":false,"profile_background_color":"1A1B1F","profile_background_image_url":"http:\/\/abs.twimg.com\/images\/themes\/theme9\/bg.gif","profile_background_image_url_https":"https:\/\/abs.twimg.com\/images\/themes\/theme9\/bg.gif","profile_background_tile":false,"profile_link_color":"2FC2EF","profile_sidebar_border_color":"181A1E","profile_sidebar_fill_color":"252429","profile_text_color":"666666","profile_use_background_image":true,"profile_image_url":"http:\/\/pbs.twimg.com\/profile_images\/1674848942\/image_normal.jpg","profile_image_url_https":"https:\/\/pbs.twimg.com\/profile_images\/1674848942\/image_normal.jpg","default_profile":false,"default_profile_image":false,"following":null,"follow_request_sent":null,"notifications":null},"geo":null,"coordinates":null,"place":null,"contributors":null,"is_quote_status":false,"quote_count":20,"reply_count":119,"retweet_count":357,"favorite_count":827,"entities":{"hashtags":[],"urls":[{"url":"https:\/\/t.co\/FK0jkQzW71","expanded_url":"https:\/\/www.altnews.in\/actor-koena-mitra-postcard-news-share-old-image-as-rss-workers-aiding-kerala-flood-victims\/","display_url":"altnews.in\/actor-koena-mi\u2026","indices":[92,115]}],"user_mentions":[{"screen_name":"AltNews","name":"Alt News","id":717020664587227136,"id_str":"717020664587227136","indices":[120,128]}],"symbols":[]},"favorited":false,"retweeted":false,"possibly_sensitive":false,"filter_level":"low","lang":"en"},"quoted_status_permalink":{"url":"https:\/\/t.co\/DnuOU1GUlo","expanded":"https:\/\/twitter.com\/asadowaisi\/status\/1031125077532626944","display":"twitter.com\/asadowaisi\/sta\u2026"},"is_quote_status":true,"extended_tweet":{"full_text":"Check facts first. Shame on you, I never shared or posted any picture, I commented on it, like many others did. Aparantly you are a leader? And an advocate? How? Didn't expect an irresponsible act from you. https:\/\/t.co\/DnuOU1GUlo","display_text_range":[0,206],"entities":{"hashtags":[],"urls":[{"url":"https:\/\/t.co\/DnuOU1GUlo","expanded_url":"https:\/\/twitter.com\/asadowaisi\/status\/1031125077532626944","display_url":"twitter.com\/asadowaisi\/sta\u2026","indices":[207,230]}],"user_mentions":[],"symbols":[]}},"quote_count":4,"reply_count":46,"retweet_count":231,"favorite_count":561,"entities":{"hashtags":[],"urls":[{"url":"https:\/\/t.co\/cW7PJWPubc","expanded_url":"https:\/\/twitter.com\/i\/web\/status\/1031592863883096064","display_url":"twitter.com\/i\/web\/status\/1\u2026","indices":[117,140]}],"user_mentions":[],"symbols":[]},"favorited":false,"retweeted":false,"possibly_sensitive":false,"filter_level":"low","lang":"en"},"quoted_status_id":1031125077532626944,"quoted_status_id_str":"1031125077532626944","quoted_status":{"created_at":"Sun Aug 19 10:25:50 +0000 2018","id":1031125077532626944,"id_str":"1031125077532626944","text":"Actor Koena Mitra, Postcard News share old image as RSS workers aiding Kerala flood victims https:\/\/t.co\/FK0jkQzW71 via @AltNews","source":"\u003ca href=\"http:\/\/twitter.com\" rel=\"nofollow\"\u003eTwitter Web Client\u003c\/a\u003e","truncated":false,"in_reply_to_status_id":null,"in_reply_to_status_id_str":null,"in_reply_to_user_id":null,"in_reply_to_user_id_str":null,"in_reply_to_screen_name":null,"user":{"id":336611577,"id_str":"336611577","name":"Asaduddin Owaisi","screen_name":"asadowaisi","location":"Hyderabad","url":"http:\/\/www.asadowaisi.com","description":"President All India Majlis-E-Ittehadul Muslimeen Party & Member of Parliament Lok Sabha (Hyderabad Constituency) Barrister-at-Law (Lincolns Inn), England","translator_type":"none","protected":false,"verified":false,"followers_count":418437,"friends_count":880,"listed_count":526,"favourites_count":199,"statuses_count":20524,"created_at":"Sat Jul 16 16:00:49 +0000 2011","utc_offset":null,"time_zone":null,"geo_enabled":true,"lang":"en","contributors_enabled":false,"is_translator":false,"profile_background_color":"1A1B1F","profile_background_image_url":"http:\/\/abs.twimg.com\/images\/themes\/theme9\/bg.gif","profile_background_image_url_https":"https:\/\/abs.twimg.com\/images\/themes\/theme9\/bg.gif","profile_background_tile":false,"profile_link_color":"2FC2EF","profile_sidebar_border_color":"181A1E","profile_sidebar_fill_color":"252429","profile_text_color":"666666","profile_use_background_image":true,"profile_image_url":"http:\/\/pbs.twimg.com\/profile_images\/1674848942\/image_normal.jpg","profile_image_url_https":"https:\/\/pbs.twimg.com\/profile_images\/1674848942\/image_normal.jpg","default_profile":false,"default_profile_image":false,"following":null,"follow_request_sent":null,"notifications":null},"geo":null,"coordinates":null,"place":null,"contributors":null,"is_quote_status":false,"quote_count":20,"reply_count":119,"retweet_count":357,"favorite_count":827,"entities":{"hashtags":[],"urls":[{"url":"https:\/\/t.co\/FK0jkQzW71","expanded_url":"https:\/\/www.altnews.in\/actor-koena-mitra-postcard-news-share-old-image-as-rss-workers-aiding-kerala-flood-victims\/","display_url":"altnews.in\/actor-koena-mi\u2026","indices":[92,115]}],"user_mentions":[{"screen_name":"AltNews","name":"Alt News","id":717020664587227136,"id_str":"717020664587227136","indices":[120,128]}],"symbols":[]},"favorited":false,"retweeted":false,"possibly_sensitive":false,"filter_level":"low","lang":"en"},"quoted_status_permalink":{"url":"https:\/\/t.co\/DnuOU1GUlo","expanded":"https:\/\/twitter.com\/asadowaisi\/status\/1031125077532626944","display":"twitter.com\/asadowaisi\/sta\u2026"},"is_quote_status":true,"quote_count":0,"reply_count":0,"retweet_count":0,"favorite_count":0,"entities":{"hashtags":[],"urls":[],"user_mentions":[{"screen_name":"koenamitra","name":"Koena Mitra","id":154916905,"id_str":"154916905","indices":[3,14]}],"symbols":[]},"favorited":false,"retweeted":false,"filter_level":"low","lang":"en","timestamp_ms":"1534793881560"}
{"created_at":"Mon Aug 20 19:38:00 +0000 2018","id":1031626423092617217,"id_str":"1031626423092617217","text":"RT @PiyushGoyal: India stands with Kerala in this hour of need. Central Government is exempting basic customs duty and IGST for the consign\u2026","source":"\u003ca href=\"http:\/\/twitter.com\/download\/android\" rel=\"nofollow\"\u003eTwitter for Android\u003c\/a\u003e","truncated":false,"in_reply_to_status_id":null,"in_reply_to_status_id_str":null,"in_reply_to_user_id":null,"in_reply_to_user_id_str":null,"in_reply_to_screen_name":null,"user":{"id":951476161783083009,"id_str":"951476161783083009","name":"Kalyanjee","screen_name":"Kalyanjee1977","location":"Ghaziabad, India","url":null,"description":"Media Professional","translator_type":"none","protected":false,"verified":false,"followers_count":28,"friends_count":84,"listed_count":0,"favourites_count":488,"statuses_count":40,"created_at":"Thu Jan 11 15:29:29 +0000 2018","utc_offset":null,"time_zone":null,"geo_enabled":false,"lang":"en","contributors_enabled":false,"is_translator":false,"profile_background_color":"F5F8FA","profile_background_image_url":"","profile_background_image_url_https":"","profile_background_tile":false,"profile_link_color":"1DA1F2","profile_sidebar_border_color":"C0DEED","profile_sidebar_fill_color":"DDEEF6","profile_text_color":"333333","profile_use_background_image":true,"profile_image_url":"http:\/\/pbs.twimg.com\/profile_images\/951478221970726919\/ez81_eG0_normal.jpg","profile_image_url_https":"https:\/\/pbs.twimg.com\/profile_images\/951478221970726919\/ez81_eG0_normal.jpg","profile_banner_url":"https:\/\/pbs.twimg.com\/profile_banners\/951476161783083009\/1515685056","default_profile":true,"default_profile_image":false,"following":null,"follow_request_sent":null,"notifications":null},"geo":null,"coordinates":null,"place":null,"contributors":null,"retweeted_status":{"created_at":"Mon Aug 20 15:31:55 +0000 2018","id":1031564495599022080,"id_str":"1031564495599022080","text":"India stands with Kerala in this hour of need. Central Government is exempting basic customs duty and IGST for the\u2026 https:\/\/t.co\/fbjEupEa2a","source":"\u003ca href=\"http:\/\/twitter.com\" rel=\"nofollow\"\u003eTwitter Web Client\u003c\/a\u003e","truncated":true,"in_reply_to_status_id":null,"in_reply_to_status_id_str":null,"in_reply_to_user_id":null,"in_reply_to_user_id_str":null,"in_reply_to_screen_name":null,"user":{"id":1324334436,"id_str":"1324334436","name":"Piyush Goyal","screen_name":"PiyushGoyal","location":"India","url":"http:\/\/piyushgoyal.in","description":"Minister of Railways and Coal, Government of India |\nOffice: @PiyushGoyalOffc","translator_type":"none","protected":false,"verified":true,"followers_count":4594080,"friends_count":450,"listed_count":1723,"favourites_count":4840,"statuses_count":17496,"created_at":"Wed Apr 03 11:02:14 +0000 2013","utc_offset":null,"time_zone":null,"geo_enabled":false,"lang":"en","contributors_enabled":false,"is_translator":false,"profile_background_color":"131516","profile_background_image_url":"http:\/\/abs.twimg.com\/images\/themes\/theme14\/bg.gif","profile_background_image_url_https":"https:\/\/abs.twimg.com\/images\/themes\/theme14\/bg.gif","profile_background_tile":true,"profile_link_color":"009999","profile_sidebar_border_color":"EEEEEE","profile_sidebar_fill_color":"EFEFEF","profile_text_color":"333333","profile_use_background_image":true,"profile_image_url":"http:\/\/pbs.twimg.com\/profile_images\/892722368019181570\/WTnI1Mer_normal.jpg","profile_image_url_https":"https:\/\/pbs.twimg.com\/profile_images\/892722368019181570\/WTnI1Mer_normal.jpg","profile_banner_url":"https:\/\/pbs.twimg.com\/profile_banners\/1324334436\/1514978444","default_profile":false,"default_profile_image":false,"following":null,"follow_request_sent":null,"notifications":null},"geo":null,"coordinates":null,"place":null,"contributors":null,"is_quote_status":false,"extended_tweet":{"full_text":"India stands with Kerala in this hour of need. Central Government is exempting basic customs duty and IGST for the consignments of aid and relief materials being despatched or imported from abroad for the affected people.","display_text_range":[0,221],"entities":{"hashtags":[],"urls":[],"user_mentions":[],"symbols":[]}},"quote_count":55,"reply_count":135,"retweet_count":812,"favorite_count":2891,"entities":{"hashtags":[],"urls":[{"url":"https:\/\/t.co\/fbjEupEa2a","expanded_url":"https:\/\/twitter.com\/i\/web\/status\/1031564495599022080","display_url":"twitter.com\/i\/web\/status\/1\u2026","indices":[116,139]}],"user_mentions":[],"symbols":[]},"favorited":false,"retweeted":false,"filter_level":"low","lang":"en"},"is_quote_status":false,"quote_count":0,"reply_count":0,"retweet_count":0,"favorite_count":0,"entities":{"hashtags":[],"urls":[],"user_mentions":[{"screen_name":"PiyushGoyal","name":"Piyush Goyal","id":1324334436,"id_str":"1324334436","indices":[3,15]}],"symbols":[]},"favorited":false,"retweeted":false,"filter_level":"low","lang":"en","timestamp_ms":"1534793880614"}
{"created_at":"Mon Aug 20 19:38:01 +0000 2018","id":1031626428167716866,"id_str":"1031626428167716866","text":"RT @SureshChavhanke: #\u0915\u0947\u0930\u0932 \u092e\u0948\u0902 \u0938\u0947\u0928\u093e \u092a\u0930 FIR \u0926\u0930\u094d\u091c. \u0924\u0925\u093e\u0915\u0925\u093f\u0924 \u092a\u0930\u094d\u092f\u093e\u0935\u0930\u0923\u0935\u093e\u0926\u0940 \u0928\u0947 \u092a\u0941\u0932 \u092c\u0928\u093e\u0928\u0947 \u0915\u0947 \u0932\u093f\u090f \u0915\u093e\u091f\u0947 \u0917\u090f \u092a\u0947\u0921\u093c\u094b\u0902 \u0915\u0947 \u0916\u093c\u093f\u0932\u093e\u092b\u093c \u0938\u0947\u0928\u093e \u0915\u094b \u092c\u0928\u093e\u092f\u093e \u0928\u093f\u0936\u093e\u0928\u093e.\u2026","source":"\u003ca href=\"http:\/\/twitter.com\/download\/android\" rel=\"nofollow\"\u003eTwitter for Android\u003c\/a\u003e","truncated":false,"in_reply_to_status_id":null,"in_reply_to_status_id_str":null,"in_reply_to_user_id":null,"in_reply_to_user_id_str":null,"in_reply_to_screen_name":null,"user":{"id":402492251,"id_str":"402492251","name":"Super Commando Dhruv","screen_name":"suprcomndodhruv","location":null,"url":null,"description":"\u091c\u092c\u0930 \u0930\u093e\u0937\u094d\u091f\u094d\u0930\u0935\u093e\u0926\u0940\u0964 \u092c\u0938 \u0938\u0924\u094d\u092f \u0915\u094b \u092a\u094d\u0930\u0923\u093e\u092e\u0964","translator_type":"none","protected":false,"verified":false,"followers_count":372,"friends_count":481,"listed_count":5,"favourites_count":13163,"statuses_count":14370,"created_at":"Tue Nov 01 04:43:24 +0000 2011","utc_offset":null,"time_zone":null,"geo_enabled":true,"lang":"en","contributors_enabled":false,"is_translator":false,"profile_background_color":"C0DEED","profile_background_image_url":"http:\/\/abs.twimg.com\/images\/themes\/theme1\/bg.png","profile_background_image_url_https":"https:\/\/abs.twimg.com\/images\/themes\/theme1\/bg.png","profile_background_tile":false,"profile_link_color":"0084B4","profile_sidebar_border_color":"C0DEED","profile_sidebar_fill_color":"DDEEF6","profile_text_color":"333333","profile_use_background_image":true,"profile_image_url":"http:\/\/pbs.twimg.com\/profile_images\/1822365263\/dhruv_3334ff_normal.jpg","profile_image_url_https":"https:\/\/pbs.twimg.com\/profile_images\/1822365263\/dhruv_3334ff_normal.jpg","profile_banner_url":"https:\/\/pbs.twimg.com\/profile_banners\/402492251\/1497633835","default_profile":false,"default_profile_image":false,"following":null,"follow_request_sent":null,"notifications":null},"geo":null,"coordinates":null,"place":null,"contributors":null,"retweeted_status":{"created_at":"Mon Aug 20 15:52:08 +0000 2018","id":1031569580425183237,"id_str":"1031569580425183237","text":"#\u0915\u0947\u0930\u0932 \u092e\u0948\u0902 \u0938\u0947\u0928\u093e \u092a\u0930 FIR \u0926\u0930\u094d\u091c. \u0924\u0925\u093e\u0915\u0925\u093f\u0924 \u092a\u0930\u094d\u092f\u093e\u0935\u0930\u0923\u0935\u093e\u0926\u0940 \u0928\u0947 \u092a\u0941\u0932 \u092c\u0928\u093e\u0928\u0947 \u0915\u0947 \u0932\u093f\u090f \u0915\u093e\u091f\u0947 \u0917\u090f \u092a\u0947\u0921\u093c\u094b\u0902 \u0915\u0947 \u0916\u093c\u093f\u0932\u093e\u092b\u093c \u0938\u0947\u0928\u093e \u0915\u094b \u092c\u0928\u093e\u092f\u093e \u0928\u093f\u0936\u093e\u0928\u093e\u2026 https:\/\/t.co\/vbGhr6aWUr","source":"\u003ca href=\"http:\/\/twitter.com\/download\/iphone\" rel=\"nofollow\"\u003eTwitter for iPhone\u003c\/a\u003e","truncated":true,"in_reply_to_status_id":null,"in_reply_to_status_id_str":null,"in_reply_to_user_id":null,"in_reply_to_user_id_str":null,"in_reply_to_screen_name":null,"user":{"id":103805033,"id_str":"103805033","name":"Suresh Chavhanke STV","screen_name":"SureshChavhanke","location":"Delhi \/ Shirdi","url":"http:\/\/www.SudarshanNews.com","description":"CMD & Editor-in-Chief @SudarshanNewsTV Host #BindasBol #ChalteChalte #JanSansad #\u0939\u092e_\u0926\u094b_\u0939\u092e\u093e\u0930\u0947_\u0926\u094b_\u0924\u094b_\u0938\u092c\u0915\u0947_\u0926\u094b #\u091c\u0928\u0938\u0902\u0916\u094d\u092f\u093e_\u0928\u093f\u092f\u0902\u0924\u094d\u0930\u0923_\u0915\u093c\u093e\u0928\u0942\u0928 \u0915\u0947 \u0932\u093f\u090f \u092e\u093f\u0938\u094d\u091f \u0915\u0949\u0932 9209204204","translator_type":"none","protected":false,"verified":true,"followers_count":161985,"friends_count":193,"listed_count":216,"favourites_count":7050,"statuses_count":14240,"created_at":"Mon Jan 11 09:04:59 +0000 2010","utc_offset":null,"time_zone":null,"geo_enabled":true,"lang":"en","contributors_enabled":false,"is_translator":false,"profile_background_color":"FA743E","profile_background_image_url":"http:\/\/abs.twimg.com\/images\/themes\/theme15\/bg.png","profile_background_image_url_https":"https:\/\/abs.twimg.com\/images\/themes\/theme15\/bg.png","profile_background_tile":true,"profile_link_color":"DD2E44","profile_sidebar_border_color":"000000","profile_sidebar_fill_color":"C0DFEC","profile_text_color":"333333","profile_use_background_image":false,"profile_image_url":"http:\/\/pbs.twimg.com\/profile_images\/864893314570403841\/EvnI7gLW_normal.jpg","profile_image_url_https":"https:\/\/pbs.twimg.com\/profile_images\/864893314570403841\/EvnI7gLW_normal.jpg","profile_banner_url":"https:\/\/pbs.twimg.com\/profile_banners\/103805033\/1509209211","default_profile":false,"default_profile_image":false,"following":null,"follow_request_sent":null,"notifications":null},"geo":null,"coordinates":null,"place":null,"contributors":null,"is_quote_status":false,"extended_tweet":{"full_text":"#\u0915\u0947\u0930\u0932 \u092e\u0948\u0902 \u0938\u0947\u0928\u093e \u092a\u0930 FIR \u0926\u0930\u094d\u091c. \u0924\u0925\u093e\u0915\u0925\u093f\u0924 \u092a\u0930\u094d\u092f\u093e\u0935\u0930\u0923\u0935\u093e\u0926\u0940 \u0928\u0947 \u092a\u0941\u0932 \u092c\u0928\u093e\u0928\u0947 \u0915\u0947 \u0932\u093f\u090f \u0915\u093e\u091f\u0947 \u0917\u090f \u092a\u0947\u0921\u093c\u094b\u0902 \u0915\u0947 \u0916\u093c\u093f\u0932\u093e\u092b\u093c \u0938\u0947\u0928\u093e \u0915\u094b \u092c\u0928\u093e\u092f\u093e \u0928\u093f\u0936\u093e\u0928\u093e. \u0935\u093f\u0936\u0947\u0937 \u0924\u0915\u0928\u0940\u0915 \u0938\u0947 \u0926\u0942\u0930 \u0926\u0930\u093e\u091c\u093c \u092e\u0947\u0902 \u0935\u0939\u0940 \u0906\u0938 \u092a\u093e\u0938 \u0915\u0947 \u092a\u0947\u0921\u093c \u0915\u093e\u091f\u0915\u0930 \u0905\u0938\u094d\u0925\u093e\u0908 \u092c\u094d\u0930\u093f\u091c \u092c\u0928\u093e\u090f \u0939\u0948\u0902, \u091c\u093f\u0938 \u0938\u0947 \u0915\u0908 \u091c\u093e\u0928\u0947 \u092c\u091a\u0940 \u0939\u0948\u0964\u092a\u0930\u0902\u0924\u0941 \u092f\u0939 \u092e\u0939\u093e\u0936\u092f \u0915\u0939 \u0930\u0939\u0947 \u0939\u0948,\u201d\u0938\u0947\u0928\u093e \u0915\u094b \u092f\u0939 \u0905\u0927\u093f\u0915\u093e\u0930 \u0915\u093f\u0938\u0928\u0947 \u0926\u093f\u092f\u093e\u201d #Kerala","display_text_range":[0,279],"entities":{"hashtags":[{"text":"\u0915\u0947\u0930\u0932","indices":[0,5]},{"text":"Kerala","indices":[272,279]}],"urls":[],"user_mentions":[],"symbols":[]}},"quote_count":36,"reply_count":111,"retweet_count":716,"favorite_count":1184,"entities":{"hashtags":[{"text":"\u0915\u0947\u0930\u0932","indices":[0,5]}],"urls":[{"url":"https:\/\/t.co\/vbGhr6aWUr","expanded_url":"https:\/\/twitter.com\/i\/web\/status\/1031569580425183237","display_url":"twitter.com\/i\/web\/status\/1\u2026","indices":[117,140]}],"user_mentions":[],"symbols":[]},"favorited":false,"retweeted":false,"filter_level":"low","lang":"hi"},"is_quote_status":false,"quote_count":0,"reply_count":0,"retweet_count":0,"favorite_count":0,"entities":{"hashtags":[{"text":"\u0915\u0947\u0930\u0932","indices":[21,26]}],"urls":[],"user_mentions":[{"screen_name":"SureshChavhanke","name":"Suresh Chavhanke STV","id":103805033,"id_str":"103805033","indices":[3,19]}],"symbols":[]},"favorited":false,"retweeted":false,"filter_level":"low","lang":"hi","timestamp_ms":"1534793881824"}
{"created_at":"Mon Aug 20 19:38:02 +0000 2018","id":1031626428981370886,"id_str":"1031626428981370886","text":"\ud83c\uddee\ud83c\uddf3 Kerala floods 2018: Kerala faces massive flood in 100 years | india: https:\/\/t.co\/V1s79vfqPe via @YouTube","source":"\u003ca href=\"https:\/\/www.google.com\/\" rel=\"nofollow\"\u003eGoogle\u003c\/a\u003e","truncated":false,"in_reply_to_status_id":null,"in_reply_to_status_id_str":null,"in_reply_to_user_id":null,"in_reply_to_user_id_str":null,"in_reply_to_screen_name":null,"user":{"id":405426887,"id_str":"405426887","name":"BE YOU","screen_name":"beyou004","location":"Hyderabad, India","url":"https:\/\/www.youtube.com\/channel\/UCuOofFwqBSlhYmKzjb9LYHw","description":"dreamer, trader, analyst, youtuber, fitness freak, movie bug...\u2661","translator_type":"none","protected":false,"verified":false,"followers_count":226,"friends_count":2709,"listed_count":1,"favourites_count":1222,"statuses_count":485,"created_at":"Sat Nov 05 09:14:46 +0000 2011","utc_offset":null,"time_zone":null,"geo_enabled":false,"lang":"en","contributors_enabled":false,"is_translator":false,"profile_background_color":"C0DEED","profile_background_image_url":"http:\/\/abs.twimg.com\/images\/themes\/theme1\/bg.png","profile_background_image_url_https":"https:\/\/abs.twimg.com\/images\/themes\/theme1\/bg.png","profile_background_tile":false,"profile_link_color":"1DA1F2","profile_sidebar_border_color":"C0DEED","profile_sidebar_fill_color":"DDEEF6","profile_text_color":"333333","profile_use_background_image":true,"profile_image_url":"http:\/\/pbs.twimg.com\/profile_images\/692783208786587648\/18zJCOc8_normal.jpg","profile_image_url_https":"https:\/\/pbs.twimg.com\/profile_images\/692783208786587648\/18zJCOc8_normal.jpg","profile_banner_url":"https:\/\/pbs.twimg.com\/profile_banners\/405426887\/1530645771","default_profile":true,"default_profile_image":false,"following":null,"follow_request_sent":null,"notifications":null},"geo":null,"coordinates":null,"place":null,"contributors":null,"is_quote_status":false,"quote_count":0,"reply_count":0,"retweet_count":0,"favorite_count":0,"entities":{"hashtags":[],"urls":[{"url":"https:\/\/t.co\/V1s79vfqPe","expanded_url":"http:\/\/youtu.be\/4k37ChfAkl0?a","display_url":"youtu.be\/4k37ChfAkl0?a","indices":[72,95]}],"user_mentions":[{"screen_name":"YouTube","name":"YouTube","id":10228272,"id_str":"10228272","indices":[100,108]}],"symbols":[]},"favorited":false,"retweeted":false,"possibly_sensitive":false,"filter_level":"low","lang":"en","timestamp_ms":"1534793882018"}
{"created_at":"Mon Aug 20 19:38:02 +0000 2018","id":1031626430508163073,"id_str":"1031626430508163073","text":"RT @ajplus: Nearly 400 people are confirmed dead in India\u2019s southern state of Kerala after its worst flood in a century.\n\n80,000 people can\u2026","source":"\u003ca href=\"http:\/\/twitter.com\/download\/iphone\" rel=\"nofollow\"\u003eTwitter for iPhone\u003c\/a\u003e","truncated":false,"in_reply_to_status_id":null,"in_reply_to_status_id_str":null,"in_reply_to_user_id":null,"in_reply_to_user_id_str":null,"in_reply_to_screen_name":null,"user":{"id":4151627770,"id_str":"4151627770","name":"perdi","screen_name":"robmymind","location":"BZH","url":null,"description":"Breizh ma bro \ud83d\udda4 L vie","translator_type":"none","protected":false,"verified":false,"followers_count":496,"friends_count":546,"listed_count":12,"favourites_count":5437,"statuses_count":46587,"created_at":"Mon Nov 09 20:23:42 +0000 2015","utc_offset":null,"time_zone":null,"geo_enabled":true,"lang":"fr","contributors_enabled":false,"is_translator":false,"profile_background_color":"000000","profile_background_image_url":"http:\/\/abs.twimg.com\/images\/themes\/theme1\/bg.png","profile_background_image_url_https":"https:\/\/abs.twimg.com\/images\/themes\/theme1\/bg.png","profile_background_tile":false,"profile_link_color":"89C9FA","profile_sidebar_border_color":"000000","profile_sidebar_fill_color":"000000","profile_text_color":"000000","profile_use_background_image":false,"profile_image_url":"http:\/\/pbs.twimg.com\/profile_images\/1028680732175224833\/XUNe49-6_normal.jpg","profile_image_url_https":"https:\/\/pbs.twimg.com\/profile_images\/1028680732175224833\/XUNe49-6_normal.jpg","profile_banner_url":"https:\/\/pbs.twimg.com\/profile_banners\/4151627770\/1534091574","default_profile":false,"default_profile_image":false,"following":null,"follow_request_sent":null,"notifications":null},"geo":null,"coordinates":null,"place":null,"contributors":null,"retweeted_status":{"created_at":"Mon Aug 20 13:51:26 +0000 2018","id":1031539206873669634,"id_str":"1031539206873669634","text":"Nearly 400 people are confirmed dead in India\u2019s southern state of Kerala after its worst flood in a century.\n\n80,00\u2026 https:\/\/t.co\/bDiwtpxOES","display_text_range":[0,140],"source":"\u003ca href=\"http:\/\/twitter.com\" rel=\"nofollow\"\u003eTwitter Web Client\u003c\/a\u003e","truncated":true,"in_reply_to_status_id":null,"in_reply_to_status_id_str":null,"in_reply_to_user_id":null,"in_reply_to_user_id_str":null,"in_reply_to_screen_name":null,"user":{"id":110396781,"id_str":"110396781","name":"AJ+","screen_name":"ajplus","location":null,"url":"http:\/\/ajplus.net","description":"AJ+ is news for the connected generation, sharing human struggles and challenging the status quo.","translator_type":"regular","protected":false,"verified":true,"followers_count":961161,"friends_count":363,"listed_count":9125,"favourites_count":2315,"statuses_count":59487,"created_at":"Mon Feb 01 11:53:42 +0000 2010","utc_offset":null,"time_zone":null,"geo_enabled":true,"lang":"en","contributors_enabled":false,"is_translator":false,"profile_background_color":"FFFFFF","profile_background_image_url":"http:\/\/abs.twimg.com\/images\/themes\/theme1\/bg.png","profile_background_image_url_https":"https:\/\/abs.twimg.com\/images\/themes\/theme1\/bg.png","profile_background_tile":false,"profile_link_color":"6CC5F5","profile_sidebar_border_color":"FFFFFF","profile_sidebar_fill_color":"8F8A89","profile_text_color":"333333","profile_use_background_image":false,"profile_image_url":"http:\/\/pbs.twimg.com\/profile_images\/1012020793348198401\/ohNwCtH9_normal.jpg","profile_image_url_https":"https:\/\/pbs.twimg.com\/profile_images\/1012020793348198401\/ohNwCtH9_normal.jpg","profile_banner_url":"https:\/\/pbs.twimg.com\/profile_banners\/110396781\/1530119565","default_profile":false,"default_profile_image":false,"following":null,"follow_request_sent":null,"notifications":null},"geo":null,"coordinates":null,"place":null,"contributors":null,"is_quote_status":false,"extended_tweet":{"full_text":"Nearly 400 people are confirmed dead in India\u2019s southern state of Kerala after its worst flood in a century.\n\n80,000 people can't return home and officials are worried about disease spreading in relief camps. https:\/\/t.co\/4daNnldnwf","display_text_range":[0,208],"entities":{"hashtags":[],"urls":[],"user_mentions":[],"symbols":[],"media":[{"id":1031539062270713861,"id_str":"1031539062270713861","indices":[209,232],"media_url":"http:\/\/pbs.twimg.com\/media\/DlDDT9KV4AUDk_S.jpg","media_url_https":"https:\/\/pbs.twimg.com\/media\/DlDDT9KV4AUDk_S.jpg","url":"https:\/\/t.co\/4daNnldnwf","display_url":"pic.twitter.com\/4daNnldnwf","expanded_url":"https:\/\/twitter.com\/ajplus\/status\/1031539206873669634\/photo\/1","type":"photo","sizes":{"thumb":{"w":150,"h":150,"resize":"crop"},"medium":{"w":1200,"h":793,"resize":"fit"},"small":{"w":680,"h":450,"resize":"fit"},"large":{"w":2048,"h":1354,"resize":"fit"}}},{"id":1031539071728812034,"id_str":"1031539071728812034","indices":[209,232],"media_url":"http:\/\/pbs.twimg.com\/media\/DlDDUgZVAAIp5No.jpg","media_url_https":"https:\/\/pbs.twimg.com\/media\/DlDDUgZVAAIp5No.jpg","url":"https:\/\/t.co\/4daNnldnwf","display_url":"pic.twitter.com\/4daNnldnwf","expanded_url":"https:\/\/twitter.com\/ajplus\/status\/1031539206873669634\/photo\/1","type":"photo","sizes":{"thumb":{"w":150,"h":150,"resize":"crop"},"medium":{"w":1200,"h":818,"resize":"fit"},"small":{"w":680,"h":464,"resize":"fit"},"large":{"w":2048,"h":1397,"resize":"fit"}}},{"id":1031539080058691584,"id_str":"1031539080058691584","indices":[209,232],"media_url":"http:\/\/pbs.twimg.com\/media\/DlDDU_bU4AA0J08.jpg","media_url_https":"https:\/\/pbs.twimg.com\/media\/DlDDU_bU4AA0J08.jpg","url":"https:\/\/t.co\/4daNnldnwf","display_url":"pic.twitter.com\/4daNnldnwf","expanded_url":"https:\/\/twitter.com\/ajplus\/status\/1031539206873669634\/photo\/1","type":"photo","sizes":{"thumb":{"w":150,"h":150,"resize":"crop"},"large":{"w":2048,"h":1335,"resize":"fit"},"medium":{"w":1200,"h":782,"resize":"fit"},"small":{"w":680,"h":443,"resize":"fit"}}},{"id":1031539088136925186,"id_str":"1031539088136925186","indices":[209,232],"media_url":"http:\/\/pbs.twimg.com\/media\/DlDDVdhU8AI6Quz.jpg","media_url_https":"https:\/\/pbs.twimg.com\/media\/DlDDVdhU8AI6Quz.jpg","url":"https:\/\/t.co\/4daNnldnwf","display_url":"pic.twitter.com\/4daNnldnwf","expanded_url":"https:\/\/twitter.com\/ajplus\/status\/1031539206873669634\/photo\/1","type":"photo","sizes":{"thumb":{"w":150,"h":150,"resize":"crop"},"small":{"w":680,"h":438,"resize":"fit"},"medium":{"w":1200,"h":773,"resize":"fit"},"large":{"w":2048,"h":1319,"resize":"fit"}}}]},"extended_entities":{"media":[{"id":1031539062270713861,"id_str":"1031539062270713861","indices":[209,232],"media_url":"http:\/\/pbs.twimg.com\/media\/DlDDT9KV4AUDk_S.jpg","media_url_https":"https:\/\/pbs.twimg.com\/media\/DlDDT9KV4AUDk_S.jpg","url":"https:\/\/t.co\/4daNnldnwf","display_url":"pic.twitter.com\/4daNnldnwf","expanded_url":"https:\/\/twitter.com\/ajplus\/status\/1031539206873669634\/photo\/1","type":"photo","sizes":{"thumb":{"w":150,"h":150,"resize":"crop"},"medium":{"w":1200,"h":793,"resize":"fit"},"small":{"w":680,"h":450,"resize":"fit"},"large":{"w":2048,"h":1354,"resize":"fit"}}},{"id":1031539071728812034,"id_str":"1031539071728812034","indices":[209,232],"media_url":"http:\/\/pbs.twimg.com\/media\/DlDDUgZVAAIp5No.jpg","media_url_https":"https:\/\/pbs.twimg.com\/media\/DlDDUgZVAAIp5No.jpg","url":"https:\/\/t.co\/4daNnldnwf","display_url":"pic.twitter.com\/4daNnldnwf","expanded_url":"https:\/\/twitter.com\/ajplus\/status\/1031539206873669634\/photo\/1","type":"photo","sizes":{"thumb":{"w":150,"h":150,"resize":"crop"},"medium":{"w":1200,"h":818,"resize":"fit"},"small":{"w":680,"h":464,"resize":"fit"},"large":{"w":2048,"h":1397,"resize":"fit"}}},{"id":1031539080058691584,"id_str":"1031539080058691584","indices":[209,232],"media_url":"http:\/\/pbs.twimg.com\/media\/DlDDU_bU4AA0J08.jpg","media_url_https":"https:\/\/pbs.twimg.com\/media\/DlDDU_bU4AA0J08.jpg","url":"https:\/\/t.co\/4daNnldnwf","display_url":"pic.twitter.com\/4daNnldnwf","expanded_url":"https:\/\/twitter.com\/ajplus\/status\/1031539206873669634\/photo\/1","type":"photo","sizes":{"thumb":{"w":150,"h":150,"resize":"crop"},"large":{"w":2048,"h":1335,"resize":"fit"},"medium":{"w":1200,"h":782,"resize":"fit"},"small":{"w":680,"h":443,"resize":"fit"}}},{"id":1031539088136925186,"id_str":"1031539088136925186","indices":[209,232],"media_url":"http:\/\/pbs.twimg.com\/media\/DlDDVdhU8AI6Quz.jpg","media_url_https":"https:\/\/pbs.twimg.com\/media\/DlDDVdhU8AI6Quz.jpg","url":"https:\/\/t.co\/4daNnldnwf","display_url":"pic.twitter.com\/4daNnldnwf","expanded_url":"https:\/\/twitter.com\/ajplus\/status\/1031539206873669634\/photo\/1","type":"photo","sizes":{"thumb":{"w":150,"h":150,"resize":"crop"},"small":{"w":680,"h":438,"resize":"fit"},"medium":{"w":1200,"h":773,"resize":"fit"},"large":{"w":2048,"h":1319,"resize":"fit"}}}]}},"quote_count":29,"reply_count":10,"retweet_count":405,"favorite_count":329,"entities":{"hashtags":[],"urls":[{"url":"https:\/\/t.co\/bDiwtpxOES","expanded_url":"https:\/\/twitter.com\/i\/web\/status\/1031539206873669634","display_url":"twitter.com\/i\/web\/status\/1\u2026","indices":[117,140]}],"user_mentions":[],"symbols":[]},"favorited":false,"retweeted":false,"possibly_sensitive":false,"filter_level":"low","lang":"en"},"is_quote_status":false,"quote_count":0,"reply_count":0,"retweet_count":0,"favorite_count":0,"entities":{"hashtags":[],"urls":[],"user_mentions":[{"screen_name":"ajplus","name":"AJ+","id":110396781,"id_str":"110396781","indices":[3,10]}],"symbols":[]},"favorited":false,"retweeted":false,"filter_level":"low","lang":"en","timestamp_ms":"1534793882382"}
{"created_at":"Mon Aug 20 19:38:02 +0000 2018","id":1031626430868668416,"id_str":"1031626430868668416","text":"RT @HRFCKerala: #keralaFloodRelief #Do #For #Kerala @iHrithik @HRFCKerala @TrendsHrithik @HRFC_ASSAM @HRFCMumbai @RakeshRoshan_N  @HRFC_Odi\u2026","source":"\u003ca href=\"http:\/\/twitter.com\/download\/android\" rel=\"nofollow\"\u003eTwitter for Android\u003c\/a\u003e","truncated":false,"in_reply_to_status_id":null,"in_reply_to_status_id_str":null,"in_reply_to_user_id":null,"in_reply_to_user_id_str":null,"in_reply_to_screen_name":null,"user":{"id":485625193,"id_str":"485625193","name":"S\u1d00\u0274\u043a\u1d07\u1d1b","screen_name":"Sanket_HR","location":null,"url":null,"description":"FAN ACCOUNT.                                                                            \n\u0126\u0280\u026a\u1d1b\u029c\u026a\u1d0b \u024c\u1d0f\ua731\u029c\u1d00\u0274  ||  \u041c\u1d00\u0280\u1d0f\u1d0f\u0274 5  ||  \u041c\u0405 D\u029c\u1d0f\u0274\u026a  ||","translator_type":"none","protected":false,"verified":false,"followers_count":1503,"friends_count":337,"listed_count":8,"favourites_count":12920,"statuses_count":43046,"created_at":"Tue Feb 07 12:04:23 +0000 2012","utc_offset":null,"time_zone":null,"geo_enabled":true,"lang":"en","contributors_enabled":false,"is_translator":false,"profile_background_color":"131516","profile_background_image_url":"http:\/\/abs.twimg.com\/images\/themes\/theme14\/bg.gif","profile_background_image_url_https":"https:\/\/abs.twimg.com\/images\/themes\/theme14\/bg.gif","profile_background_tile":true,"profile_link_color":"009999","profile_sidebar_border_color":"000000","profile_sidebar_fill_color":"EFEFEF","profile_text_color":"333333","profile_use_background_image":true,"profile_image_url":"http:\/\/pbs.twimg.com\/profile_images\/1031253141910511616\/6zEM3mUY_normal.jpg","profile_image_url_https":"https:\/\/pbs.twimg.com\/profile_images\/1031253141910511616\/6zEM3mUY_normal.jpg","profile_banner_url":"https:\/\/pbs.twimg.com\/profile_banners\/485625193\/1534705003","default_profile":false,"default_profile_image":false,"following":null,"follow_request_sent":null,"notifications":null},"geo":null,"coordinates":null,"place":null,"contributors":null,"retweeted_status":{"created_at":"Sun Aug 19 11:06:35 +0000 2018","id":1031135332140371968,"id_str":"1031135332140371968","text":"#keralaFloodRelief #Do #For #Kerala @iHrithik @HRFCKerala @TrendsHrithik @HRFC_ASSAM @HRFCMumbai @RakeshRoshan_N\u2026 https:\/\/t.co\/Psi3iKcO02","display_text_range":[0,140],"source":"\u003ca href=\"http:\/\/twitter.com\/download\/android\" rel=\"nofollow\"\u003eTwitter for Android\u003c\/a\u003e","truncated":true,"in_reply_to_status_id":null,"in_reply_to_status_id_str":null,"in_reply_to_user_id":null,"in_reply_to_user_id_str":null,"in_reply_to_screen_name":null,"user":{"id":3245634367,"id_str":"3245634367","name":"HRFCKerala","screen_name":"HRFCKerala","location":"Kerala, India","url":null,"description":"All Kerala \u0d39\u0d43\u0d24\u0d4d\u0d35\u0d3f\u0d15\u0d4d \u0d31\u0d4b\u0d37\u0d7b Fans And Welfare Association\n\nReg: 707\/2007 Official Fans Kerala CON: 8590443460, 9349499442 ,","translator_type":"none","protected":false,"verified":false,"followers_count":878,"friends_count":26,"listed_count":4,"favourites_count":1164,"statuses_count":1052,"created_at":"Mon Jun 15 02:17:16 +0000 2015","utc_offset":null,"time_zone":null,"geo_enabled":true,"lang":"en","contributors_enabled":false,"is_translator":false,"profile_background_color":"C0DEED","profile_background_image_url":"http:\/\/abs.twimg.com\/images\/themes\/theme1\/bg.png","profile_background_image_url_https":"https:\/\/abs.twimg.com\/images\/themes\/theme1\/bg.png","profile_background_tile":false,"profile_link_color":"1DA1F2","profile_sidebar_border_color":"C0DEED","profile_sidebar_fill_color":"DDEEF6","profile_text_color":"333333","profile_use_background_image":true,"profile_image_url":"http:\/\/pbs.twimg.com\/profile_images\/822656622904348672\/SwpqIaMS_normal.jpg","profile_image_url_https":"https:\/\/pbs.twimg.com\/profile_images\/822656622904348672\/SwpqIaMS_normal.jpg","profile_banner_url":"https:\/\/pbs.twimg.com\/profile_banners\/3245634367\/1478446662","default_profile":true,"default_profile_image":false,"following":null,"follow_request_sent":null,"notifications":null},"geo":null,"coordinates":null,"place":{"id":"5d01806d080d1e50","url":"https:\/\/api.twitter.com\/1.1\/geo\/id\/5d01806d080d1e50.json","place_type":"admin","name":"Kerala","full_name":"Kerala, India","country_code":"IN","country":"India","bounding_box":{"type":"Polygon","coordinates":[[[74.860575,8.291304],[74.860575,12.795080],[77.412687,12.795080],[77.412687,8.291304]]]},"attributes":{}},"contributors":null,"is_quote_status":false,"extended_tweet":{"full_text":"#keralaFloodRelief #Do #For #Kerala @iHrithik @HRFCKerala @TrendsHrithik @HRFC_ASSAM @HRFCMumbai @RakeshRoshan_N  @HRFC_Odisha @HrithikInspires @HrithikRules @HRFC_USA @HrfcKolkata @HRFCItaly  @FilmKraftMovies @Hrithikstaan https:\/\/t.co\/6sOjRB1QvN","display_text_range":[0,223],"entities":{"hashtags":[{"text":"keralaFloodRelief","indices":[0,18]},{"text":"Do","indices":[19,22]},{"text":"For","indices":[23,27]},{"text":"Kerala","indices":[28,35]}],"urls":[],"user_mentions":[{"screen_name":"iHrithik","name":"Hrithik Roshan","id":113419517,"id_str":"113419517","indices":[36,45]},{"screen_name":"HRFCKerala","name":"HRFCKerala","id":3245634367,"id_str":"3245634367","indices":[46,57]},{"screen_name":"TrendsHrithik","name":"Hrithik Trends","id":794506136292642816,"id_str":"794506136292642816","indices":[58,72]},{"screen_name":"HRFC_ASSAM","name":"HRFC ASSAM","id":762189344199286784,"id_str":"762189344199286784","indices":[73,84]},{"screen_name":"HRFCMumbai","name":"HR FC Mumbai \u2122","id":744179936785661952,"id_str":"744179936785661952","indices":[85,96]},{"screen_name":"RakeshRoshan_N","name":"Rakesh Roshan","id":789354231379755008,"id_str":"789354231379755008","indices":[97,112]},{"screen_name":"HRFC_Odisha","name":"HRFC Odisha\u2122","id":3263134614,"id_str":"3263134614","indices":[114,126]},{"screen_name":"HrithikInspires","name":"Hrithik Inspires","id":1543290144,"id_str":"1543290144","indices":[127,143]},{"screen_name":"HrithikRules","name":"HrithikRules.com","id":43598400,"id_str":"43598400","indices":[144,157]},{"screen_name":"HRFC_USA","name":"HR FC America","id":736004884760305664,"id_str":"736004884760305664","indices":[158,167]},{"screen_name":"HrfcKolkata","name":"Hrithik Roshan Fan Club Kolkata","id":2846425440,"id_str":"2846425440","indices":[168,180]},{"screen_name":"HRFCItaly","name":"HR Italy FC","id":2330414100,"id_str":"2330414100","indices":[181,191]},{"screen_name":"FilmKraftMovies","name":"FilmKraft(India)","id":602480975,"id_str":"602480975","indices":[193,209]},{"screen_name":"Hrithikstaan","name":"Its Rush..!","id":4727605010,"id_str":"4727605010","indices":[210,223]}],"symbols":[],"media":[{"id":1031135283176075264,"id_str":"1031135283176075264","indices":[224,247],"media_url":"http:\/\/pbs.twimg.com\/media\/Dk9UE60U8AAvkiS.jpg","media_url_https":"https:\/\/pbs.twimg.com\/media\/Dk9UE60U8AAvkiS.jpg","url":"https:\/\/t.co\/6sOjRB1QvN","display_url":"pic.twitter.com\/6sOjRB1QvN","expanded_url":"https:\/\/twitter.com\/HRFCKerala\/status\/1031135332140371968\/photo\/1","type":"photo","sizes":{"thumb":{"w":150,"h":150,"resize":"crop"},"medium":{"w":1000,"h":750,"resize":"fit"},"small":{"w":680,"h":510,"resize":"fit"},"large":{"w":1000,"h":750,"resize":"fit"}}},{"id":1031135295318589440,"id_str":"1031135295318589440","indices":[224,247],"media_url":"http:\/\/pbs.twimg.com\/media\/Dk9UFoDVAAA5z_W.jpg","media_url_https":"https:\/\/pbs.twimg.com\/media\/Dk9UFoDVAAA5z_W.jpg","url":"https:\/\/t.co\/6sOjRB1QvN","display_url":"pic.twitter.com\/6sOjRB1QvN","expanded_url":"https:\/\/twitter.com\/HRFCKerala\/status\/1031135332140371968\/photo\/1","type":"photo","sizes":{"thumb":{"w":150,"h":150,"resize":"crop"},"small":{"w":680,"h":510,"resize":"fit"},"large":{"w":1000,"h":750,"resize":"fit"},"medium":{"w":1000,"h":750,"resize":"fit"}}},{"id":1031135307729518593,"id_str":"1031135307729518593","indices":[224,247],"media_url":"http:\/\/pbs.twimg.com\/media\/Dk9UGWSUwAEz6F6.jpg","media_url_https":"https:\/\/pbs.twimg.com\/media\/Dk9UGWSUwAEz6F6.jpg","url":"https:\/\/t.co\/6sOjRB1QvN","display_url":"pic.twitter.com\/6sOjRB1QvN","expanded_url":"https:\/\/twitter.com\/HRFCKerala\/status\/1031135332140371968\/photo\/1","type":"photo","sizes":{"medium":{"w":1000,"h":750,"resize":"fit"},"thumb":{"w":150,"h":150,"resize":"crop"},"small":{"w":680,"h":510,"resize":"fit"},"large":{"w":1000,"h":750,"resize":"fit"}}},{"id":1031135321197432832,"id_str":"1031135321197432832","indices":[224,247],"media_url":"http:\/\/pbs.twimg.com\/media\/Dk9UHIdU0AAw_jk.jpg","media_url_https":"https:\/\/pbs.twimg.com\/media\/Dk9UHIdU0AAw_jk.jpg","url":"https:\/\/t.co\/6sOjRB1QvN","display_url":"pic.twitter.com\/6sOjRB1QvN","expanded_url":"https:\/\/twitter.com\/HRFCKerala\/status\/1031135332140371968\/photo\/1","type":"photo","sizes":{"small":{"w":680,"h":509,"resize":"fit"},"thumb":{"w":150,"h":150,"resize":"crop"},"medium":{"w":1001,"h":750,"resize":"fit"},"large":{"w":1001,"h":750,"resize":"fit"}}}]},"extended_entities":{"media":[{"id":1031135283176075264,"id_str":"1031135283176075264","indices":[224,247],"media_url":"http:\/\/pbs.twimg.com\/media\/Dk9UE60U8AAvkiS.jpg","media_url_https":"https:\/\/pbs.twimg.com\/media\/Dk9UE60U8AAvkiS.jpg","url":"https:\/\/t.co\/6sOjRB1QvN","display_url":"pic.twitter.com\/6sOjRB1QvN","expanded_url":"https:\/\/twitter.com\/HRFCKerala\/status\/1031135332140371968\/photo\/1","type":"photo","sizes":{"thumb":{"w":150,"h":150,"resize":"crop"},"medium":{"w":1000,"h":750,"resize":"fit"},"small":{"w":680,"h":510,"resize":"fit"},"large":{"w":1000,"h":750,"resize":"fit"}}},{"id":1031135295318589440,"id_str":"1031135295318589440","indices":[224,247],"media_url":"http:\/\/pbs.twimg.com\/media\/Dk9UFoDVAAA5z_W.jpg","media_url_https":"https:\/\/pbs.twimg.com\/media\/Dk9UFoDVAAA5z_W.jpg","url":"https:\/\/t.co\/6sOjRB1QvN","display_url":"pic.twitter.com\/6sOjRB1QvN","expanded_url":"https:\/\/twitter.com\/HRFCKerala\/status\/1031135332140371968\/photo\/1","type":"photo","sizes":{"thumb":{"w":150,"h":150,"resize":"crop"},"small":{"w":680,"h":510,"resize":"fit"},"large":{"w":1000,"h":750,"resize":"fit"},"medium":{"w":1000,"h":750,"resize":"fit"}}},{"id":1031135307729518593,"id_str":"1031135307729518593","indices":[224,247],"media_url":"http:\/\/pbs.twimg.com\/media\/Dk9UGWSUwAEz6F6.jpg","media_url_https":"https:\/\/pbs.twimg.com\/media\/Dk9UGWSUwAEz6F6.jpg","url":"https:\/\/t.co\/6sOjRB1QvN","display_url":"pic.twitter.com\/6sOjRB1QvN","expanded_url":"https:\/\/twitter.com\/HRFCKerala\/status\/1031135332140371968\/photo\/1","type":"photo","sizes":{"medium":{"w":1000,"h":750,"resize":"fit"},"thumb":{"w":150,"h":150,"resize":"crop"},"small":{"w":680,"h":510,"resize":"fit"},"large":{"w":1000,"h":750,"resize":"fit"}}},{"id":1031135321197432832,"id_str":"1031135321197432832","indices":[224,247],"media_url":"http:\/\/pbs.twimg.com\/media\/Dk9UHIdU0AAw_jk.jpg","media_url_https":"https:\/\/pbs.twimg.com\/media\/Dk9UHIdU0AAw_jk.jpg","url":"https:\/\/t.co\/6sOjRB1QvN","display_url":"pic.twitter.com\/6sOjRB1QvN","expanded_url":"https:\/\/twitter.com\/HRFCKerala\/status\/1031135332140371968\/photo\/1","type":"photo","sizes":{"small":{"w":680,"h":509,"resize":"fit"},"thumb":{"w":150,"h":150,"resize":"crop"},"medium":{"w":1001,"h":750,"resize":"fit"},"large":{"w":1001,"h":750,"resize":"fit"}}}]}},"quote_count":9,"reply_count":35,"retweet_count":145,"favorite_count":272,"entities":{"hashtags":[{"text":"keralaFloodRelief","indices":[0,18]},{"text":"Do","indices":[19,22]},{"text":"For","indices":[23,27]},{"text":"Kerala","indices":[28,35]}],"urls":[{"url":"https:\/\/t.co\/Psi3iKcO02","expanded_url":"https:\/\/twitter.com\/i\/web\/status\/1031135332140371968","display_url":"twitter.com\/i\/web\/status\/1\u2026","indices":[114,137]}],"user_mentions":[{"screen_name":"iHrithik","name":"Hrithik Roshan","id":113419517,"id_str":"113419517","indices":[36,45]},{"screen_name":"HRFCKerala","name":"HRFCKerala","id":3245634367,"id_str":"3245634367","indices":[46,57]},{"screen_name":"TrendsHrithik","name":"Hrithik Trends","id":794506136292642816,"id_str":"794506136292642816","indices":[58,72]},{"screen_name":"HRFC_ASSAM","name":"HRFC ASSAM","id":762189344199286784,"id_str":"762189344199286784","indices":[73,84]},{"screen_name":"HRFCMumbai","name":"HR FC Mumbai \u2122","id":744179936785661952,"id_str":"744179936785661952","indices":[85,96]},{"screen_name":"RakeshRoshan_N","name":"Rakesh Roshan","id":789354231379755008,"id_str":"789354231379755008","indices":[97,112]}],"symbols":[]},"favorited":false,"retweeted":false,"possibly_sensitive":false,"filter_level":"low","lang":"und"},"is_quote_status":false,"quote_count":0,"reply_count":0,"retweet_count":0,"favorite_count":0,"entities":{"hashtags":[{"text":"keralaFloodRelief","indices":[16,34]},{"text":"Do","indices":[35,38]},{"text":"For","indices":[39,43]},{"text":"Kerala","indices":[44,51]}],"urls":[],"user_mentions":[{"screen_name":"HRFCKerala","name":"HRFCKerala","id":3245634367,"id_str":"3245634367","indices":[3,14]},{"screen_name":"iHrithik","name":"Hrithik Roshan","id":113419517,"id_str":"113419517","indices":[52,61]},{"screen_name":"HRFCKerala","name":"HRFCKerala","id":3245634367,"id_str":"3245634367","indices":[62,73]},{"screen_name":"TrendsHrithik","name":"Hrithik Trends","id":794506136292642816,"id_str":"794506136292642816","indices":[74,88]},{"screen_name":"HRFC_ASSAM","name":"HRFC ASSAM","id":762189344199286784,"id_str":"762189344199286784","indices":[89,100]},{"screen_name":"HRFCMumbai","name":"HR FC Mumbai \u2122","id":744179936785661952,"id_str":"744179936785661952","indices":[101,112]},{"screen_name":"RakeshRoshan_N","name":"Rakesh Roshan","id":789354231379755008,"id_str":"789354231379755008","indices":[113,128]}],"symbols":[]},"favorited":false,"retweeted":false,"filter_level":"low","lang":"und","timestamp_ms":"1534793882468"}
{"created_at":"Mon Aug 20 19:38:02 +0000 2018","id":1031626432848441344,"id_str":"1031626432848441344","text":"RT @TrueIndology: This is how Easter was celebrated in Kerala before 1947\n\nAfter Easter Service, Christians shouted \"poyin, poyin\"( \"Go awa\u2026","source":"\u003ca href=\"http:\/\/twitter.com\/download\/android\" rel=\"nofollow\"\u003eTwitter for Android\u003c\/a\u003e","truncated":false,"in_reply_to_status_id":null,"in_reply_to_status_id_str":null,"in_reply_to_user_id":null,"in_reply_to_user_id_str":null,"in_reply_to_screen_name":null,"user":{"id":153704310,"id_str":"153704310","name":"TamRaaaz","screen_name":"TamRaaaz","location":"Andhera","url":null,"description":"\u092d\u093e\u0930\u0940 \u092e\u093e\u0924\u094d\u0930\u093e \u092e\u0947 \u092b\u0949\u0932\u094b \u0915\u0930\u0915\u0947 \u0905\u0902\u0927\u0947\u0930\u093e \u0915\u093e\u092f\u092e \u0930\u0916\u0928\u0947 \u092e\u0947 \u0905\u092a\u0928\u093e \u092e\u0939\u0924\u094d\u0935\u092a\u0942\u0930\u094d\u0923 \u092f\u094b\u0917\u0926\u093e\u0928 \u0926\u0947\u0935\u0947\u0902","translator_type":"none","protected":false,"verified":false,"followers_count":141,"friends_count":450,"listed_count":7,"favourites_count":3137,"statuses_count":13159,"created_at":"Wed Jun 09 06:59:28 +0000 2010","utc_offset":null,"time_zone":null,"geo_enabled":true,"lang":"en","contributors_enabled":false,"is_translator":false,"profile_background_color":"1A1B1F","profile_background_image_url":"http:\/\/abs.twimg.com\/images\/themes\/theme9\/bg.gif","profile_background_image_url_https":"https:\/\/abs.twimg.com\/images\/themes\/theme9\/bg.gif","profile_background_tile":false,"profile_link_color":"9266CC","profile_sidebar_border_color":"000000","profile_sidebar_fill_color":"000000","profile_text_color":"000000","profile_use_background_image":true,"profile_image_url":"http:\/\/pbs.twimg.com\/profile_images\/589322542311088128\/FR6bCTSD_normal.jpg","profile_image_url_https":"https:\/\/pbs.twimg.com\/profile_images\/589322542311088128\/FR6bCTSD_normal.jpg","profile_banner_url":"https:\/\/pbs.twimg.com\/profile_banners\/153704310\/1431099797","default_profile":false,"default_profile_image":false,"following":null,"follow_request_sent":null,"notifications":null},"geo":null,"coordinates":null,"place":null,"contributors":null,"retweeted_status":{"created_at":"Mon Dec 25 08:00:46 +0000 2017","id":945202648013201408,"id_str":"945202648013201408","text":"This is how Easter was celebrated in Kerala before 1947\n\nAfter Easter Service, Christians shouted \"poyin, poyin\"( \"\u2026 https:\/\/t.co\/l6asr1daUi","display_text_range":[0,140],"source":"\u003ca href=\"http:\/\/twitter.com\" rel=\"nofollow\"\u003eTwitter Web Client\u003c\/a\u003e","truncated":true,"in_reply_to_status_id":null,"in_reply_to_status_id_str":null,"in_reply_to_user_id":null,"in_reply_to_user_id_str":null,"in_reply_to_screen_name":null,"user":{"id":4472065032,"id_str":"4472065032","name":"True Indology","screen_name":"TrueIndology","location":null,"url":"https:\/\/trueindology.wordpress.com","description":"Indian literature, Archaeology, History,Linguistics,Theology http:\/\/facebook.com\/trueindologyli\u2026  Likes and Retweets are not endorsements.","translator_type":"none","protected":false,"verified":false,"followers_count":119028,"friends_count":400,"listed_count":472,"favourites_count":38265,"statuses_count":18960,"created_at":"Sun Dec 06 06:22:48 +0000 2015","utc_offset":null,"time_zone":null,"geo_enabled":false,"lang":"en","contributors_enabled":false,"is_translator":false,"profile_background_color":"C0DEED","profile_background_image_url":"http:\/\/abs.twimg.com\/images\/themes\/theme1\/bg.png","profile_background_image_url_https":"https:\/\/abs.twimg.com\/images\/themes\/theme1\/bg.png","profile_background_tile":false,"profile_link_color":"1DA1F2","profile_sidebar_border_color":"C0DEED","profile_sidebar_fill_color":"DDEEF6","profile_text_color":"333333","profile_use_background_image":true,"profile_image_url":"http:\/\/pbs.twimg.com\/profile_images\/867034119431172096\/dgxm0bjt_normal.jpg","profile_image_url_https":"https:\/\/pbs.twimg.com\/profile_images\/867034119431172096\/dgxm0bjt_normal.jpg","default_profile":true,"default_profile_image":false,"following":null,"follow_request_sent":null,"notifications":null},"geo":null,"coordinates":null,"place":null,"contributors":null,"is_quote_status":false,"extended_tweet":{"full_text":"This is how Easter was celebrated in Kerala before 1947\n\nAfter Easter Service, Christians shouted \"poyin, poyin\"( \"Go away..go away\") before they took out procession in the street\n\nThis was a warning to Dalits  to keep off the street and not pollute Christians by their presence https:\/\/t.co\/hwe8EekliZ","display_text_range":[0,278],"entities":{"hashtags":[],"urls":[],"user_mentions":[],"symbols":[],"media":[{"id":945201280187633664,"id_str":"945201280187633664","indices":[279,302],"media_url":"http:\/\/pbs.twimg.com\/media\/DR4HjnLUEAAMFp6.jpg","media_url_https":"https:\/\/pbs.twimg.com\/media\/DR4HjnLUEAAMFp6.jpg","url":"https:\/\/t.co\/hwe8EekliZ","display_url":"pic.twitter.com\/hwe8EekliZ","expanded_url":"https:\/\/twitter.com\/TrueIndology\/status\/945202648013201408\/photo\/1","type":"photo","sizes":{"small":{"w":680,"h":394,"resize":"fit"},"thumb":{"w":150,"h":150,"resize":"crop"},"medium":{"w":1200,"h":695,"resize":"fit"},"large":{"w":1338,"h":775,"resize":"fit"}}}]},"extended_entities":{"media":[{"id":945201280187633664,"id_str":"945201280187633664","indices":[279,302],"media_url":"http:\/\/pbs.twimg.com\/media\/DR4HjnLUEAAMFp6.jpg","media_url_https":"https:\/\/pbs.twimg.com\/media\/DR4HjnLUEAAMFp6.jpg","url":"https:\/\/t.co\/hwe8EekliZ","display_url":"pic.twitter.com\/hwe8EekliZ","expanded_url":"https:\/\/twitter.com\/TrueIndology\/status\/945202648013201408\/photo\/1","type":"photo","sizes":{"small":{"w":680,"h":394,"resize":"fit"},"thumb":{"w":150,"h":150,"resize":"crop"},"medium":{"w":1200,"h":695,"resize":"fit"},"large":{"w":1338,"h":775,"resize":"fit"}}}]}},"quote_count":26,"reply_count":42,"retweet_count":1144,"favorite_count":855,"entities":{"hashtags":[],"urls":[{"url":"https:\/\/t.co\/l6asr1daUi","expanded_url":"https:\/\/twitter.com\/i\/web\/status\/945202648013201408","display_url":"twitter.com\/i\/web\/status\/9\u2026","indices":[117,140]}],"user_mentions":[],"symbols":[]},"favorited":false,"retweeted":false,"possibly_sensitive":false,"filter_level":"low","lang":"en"},"is_quote_status":false,"quote_count":0,"reply_count":0,"retweet_count":0,"favorite_count":0,"entities":{"hashtags":[],"urls":[],"user_mentions":[{"screen_name":"TrueIndology","name":"True Indology","id":4472065032,"id_str":"4472065032","indices":[3,16]}],"symbols":[]},"favorited":false,"retweeted":false,"filter_level":"low","lang":"en","timestamp_ms":"1534793882940"}
